{
    "fill": {"block": "minecraft:cave_air"},
    "verticalRange": {
        "max": 400,
        "min": 15
    },
    "customBiome": "carving/volcanic",
    "fork": {
        "caves": [{
            "breakSurface": false,
            "cave": "volcanic/small",
            "rarity": 7
        }],
        "elipsoids": [{
            "fill": {"block": "minecraft:cave_air"},
            "rarity": 15,
            "baseWidth": {
                "min": 5,
                "max": 27,
                "style": {"style": "STATIC"}
            }
        }]
    },
    "worm": {
        "girth": {
            "max": 8,
            "min": 2,
            "style": {"style": "NOWHERE"}
        },
        "maxDistance": 100,
        "yStyle": {
            "min": -3,
            "max": 1,
            "generator": {
                "zoom": 3,
                "style": "PERLIN"
            }
        },
        "xStyle": {
            "min": -9,
            "max": 9,
            "generator": {
                "zoom": 0.6,
                "style": "NOWHERE"
            }
        },
        "zStyle": {
            "min": -9,
            "max": 9,
            "generator": {
                "zoom": 0.6,
                "style": "NOWHERE"
            }
        }
    }
}
