{
    "object": "jigsaw/stronghold/portal/top",
    "connectors": [
        {
            "name": "",
            "targetName": "*",
            "rotateConnector": false,
            "innerConnector": false,
            "pools": ["stronghold/from-portal"],
            "keepEntity": false,
            "entityCount": 1,
            "position": {
                "x": 11,
                "y": -5,
                "z": -14
            },
            "direction": "NORTH_NEGATIVE_Z"
        },
        {
            "name": "",
            "targetName": "*",
            "rotateConnector": false,
            "innerConnector": false,
            "pools": ["stronghold/from-portal"],
            "keepEntity": false,
            "entityCount": 1,
            "position": {
                "x": -11,
                "y": -5,
                "z": -14
            },
            "direction": "NORTH_NEGATIVE_Z"
        },
        {
            "name": "",
            "targetName": "*",
            "rotateConnector": false,
            "innerConnector": false,
            "pools": ["stronghold/from-portal"],
            "keepEntity": false,
            "entityCount": 1,
            "position": {
                "x": -14,
                "y": -5,
                "z": -11
            },
            "direction": "WEST_NEGATIVE_X"
        },
        {
            "name": "",
            "targetName": "*",
            "rotateConnector": false,
            "innerConnector": false,
            "pools": ["stronghold/from-portal"],
            "keepEntity": false,
            "entityCount": 1,
            "position": {
                "x": -14,
                "y": -5,
                "z": 11
            },
            "direction": "WEST_NEGATIVE_X"
        },
        {
            "name": "",
            "targetName": "*",
            "rotateConnector": false,
            "innerConnector": false,
            "pools": ["stronghold/from-portal"],
            "keepEntity": false,
            "entityCount": 1,
            "position": {
                "x": -11,
                "y": -5,
                "z": 14
            },
            "direction": "SOUTH_POSITIVE_Z"
        },
        {
            "name": "",
            "targetName": "*",
            "rotateConnector": false,
            "innerConnector": false,
            "pools": ["stronghold/from-portal"],
            "keepEntity": false,
            "entityCount": 1,
            "position": {
                "x": 11,
                "y": -5,
                "z": 14
            },
            "direction": "SOUTH_POSITIVE_Z"
        },
        {
            "name": "",
            "targetName": "*",
            "rotateConnector": false,
            "innerConnector": false,
            "pools": ["stronghold/from-portal"],
            "keepEntity": false,
            "entityCount": 1,
            "position": {
                "x": 14,
                "y": -5,
                "z": 11
            },
            "direction": "EAST_POSITIVE_X"
        },
        {
            "name": "",
            "targetName": "*",
            "rotateConnector": false,
            "innerConnector": false,
            "pools": ["stronghold/from-portal"],
            "keepEntity": false,
            "entityCount": 1,
            "position": {
                "x": 14,
                "y": -5,
                "z": -11
            },
            "direction": "EAST_POSITIVE_X"
        },
        {
            "name": "",
            "targetName": "*",
            "rotateConnector": false,
            "innerConnector": false,
            "pools": ["stronghold/portal-paths"],
            "keepEntity": false,
            "entityCount": 1,
            "position": {
                "x": 0,
                "y": -5,
                "z": -14
            },
            "direction": "NORTH_NEGATIVE_Z"
        },
        {
            "name": "",
            "targetName": "*",
            "rotateConnector": false,
            "innerConnector": false,
            "pools": ["stronghold/portal-paths"],
            "keepEntity": false,
            "entityCount": 1,
            "position": {
                "x": 14,
                "y": -5,
                "z": 0
            },
            "direction": "EAST_POSITIVE_X"
        },
        {
            "name": "",
            "targetName": "*",
            "rotateConnector": false,
            "innerConnector": false,
            "pools": ["stronghold/portal-paths"],
            "keepEntity": false,
            "entityCount": 1,
            "position": {
                "x": 0,
                "y": -5,
                "z": 14
            },
            "direction": "DOWN_NEGATIVE_Y"
        },
        {
            "name": "",
            "targetName": "*",
            "rotateConnector": false,
            "innerConnector": false,
            "pools": ["stronghold/portal-paths"],
            "keepEntity": false,
            "entityCount": 1,
            "position": {
                "x": -14,
                "y": -5,
                "z": 0
            },
            "direction": "WEST_NEGATIVE_X"
        },
        {
            "name": "top",
            "targetName": "top",
            "rotateConnector": false,
            "innerConnector": false,
            "keepEntity": false,
            "entityCount": 1,
            "position": {
                "x": 0,
                "y": -5,
                "z": 5
            },
            "direction": "DOWN_NEGATIVE_Y"
        }
    ],
    "placementOptions": {
        "rotation": {
            "enabled": false,
            "xAxis": {
                "enabled": false,
                "min": 0,
                "max": 0,
                "interval": 0
            },
            "yAxis": {
                "enabled": true,
                "min": 0,
                "max": 0,
                "interval": 90
            },
            "zAxis": {
                "enabled": false,
                "min": 0,
                "max": 0,
                "interval": 0
            }
        },
        "clamp": {
            "minimumHeight": 0,
            "maximumHeight": 255
        },
        "addFeatures": [],
        "snow": 0,
        "chance": 1,
        "density": 1,
        "overStilt": 0,
        "boreExtendMaxY": 0,
        "boreExtendMinY": 0,
        "FAST_MIN_HEIGHTInterpolationRadius": 16,
        "FAST_MIN_HEIGHTInterpolationMethod": "BILINEAR_STARCAST_9",
        "underwater": false,
        "carvingSupport": "SURFACE_ONLY",
        "smartBore": false,
        "waterloggable": false,
        "onwater": false,
        "meld": false,
        "bottom": false,
        "bore": true,
        "warp": {
            "style": "FLAT",
            "zoom": 1,
            "multiplier": 1,
            "axialFracturing": false,
            "exponent": 1
        },
        "translateCenter": false,
        "mode": "FAST_MAX_HEIGHT",
        "edit": [
            {
                "find": [{
                    "block": "minecraft:stone_bricks",
                    "debug": false,
                    "weight": 1,
                    "data": {}
                }],
                "replace": {
                    "style": {
                        "style": "STATIC",
                        "zoom": 1,
                        "multiplier": 1,
                        "axialFracturing": false,
                        "exponent": 1
                    },
                    "zoom": 5,
                    "palette": [
                        {
                            "block": "minecraft:mossy_stone_bricks",
                            "debug": false,
                            "weight": 1,
                            "data": {}
                        },
                        {
                            "block": "minecraft:cracked_stone_bricks",
                            "debug": false,
                            "weight": 1,
                            "data": {}
                        }
                    ]
                },
                "exact": false,
                "chance": 0.3
            },
            {
                "find": [{
                    "block": "minecraft:stone",
                    "debug": false,
                    "weight": 1,
                    "data": {}
                }],
                "replace": {
                    "style": {
                        "style": "STATIC",
                        "zoom": 1,
                        "multiplier": 1,
                        "axialFracturing": false,
                        "exponent": 1
                    },
                    "zoom": 5,
                    "palette": [{
                        "block": "minecraft:stone_bricks",
                        "debug": false,
                        "weight": 1,
                        "data": {}
                    }]
                },
                "exact": false,
                "chance": 0.4
            }
        ],
        "scale": {
            "variations": 7,
            "minimumScale": 1,
            "maximumScale": 1,
            "interpolation": "NONE"
        },
        "loot": ["stronghold/generic"]
    }
}
