{
    "fill": {"block": "minecraft:cave_air"},
    "verticalRange": {
        "max": 100,
        "min": 40
    },
    "customBiome": "carving/lush-huge",
    "worm": {
        "girth": {
            "max": 12,
            "min": 12,
            "style": {"style": "NOWHERE"}
        },
        "maxDistance": 20,
        "yStyle": {
            "min": 0,
            "max": 0,
            "generator": {
                "zoom": 3,
                "style": "NOWHERE"
            }
        },
        "xStyle": {
            "min": -20,
            "max": 20,
            "generator": {
                "zoom": 0.6,
                "style": "NOWHERE"
            }
        },
        "zStyle": {
            "min": -20,
            "max": 20,
            "generator": {
                "zoom": 0.6,
                "style": "NOWHERE"
            }
        }
    }
}
