{
    "interpolator": {
        "function": "BILINEAR_STARCAST_9",
        "horizontalScale": 15
    },
    "seed": 530530,
    "composite": [
        {
            "seed": 5346,
            "style": {
                "style": "NOWHERE",
                "zoom": 1.7,
                "fracture": {
                    "style": "IRIS_THICK",
                    "zoom": 0.8,
                    "exponent": 1.2,
                    "multiplier": 55
                }
            },
            "exponent": 4,
            "negative": true
        },
        {
            "seed": 1714,
            "style": {
                "style": "IRIS_THICK",
                "zoom": 0.6,
                "exponent": 0.7,
                "fracture": {
                    "style": "SIMPLEX",
                    "zoom": 0.8,
                    "exponent": 0.7,
                    "multiplier": 50
                }
            },
            "negative": true,
            "opacity": 0.1
        }
    ]
}
