{
    "composite": [{
        "style": {
            "style": "IRIS_THICK",
            "zoom": 0.17,
            "fracture": {
                "style": "CLOVER",
                "zoom": 2,
                "multiplier": 5
            }
        },
        "seed": 10556,
        "bezier": false,
        "exponent": 3
    }],
    "interpolator": {
        "function": "BILINEAR_STARCAST_9",
        "horizontalScale": 26
    },
    "seed": 7246661,
    "cliffHeightMax": 90,
    "cliffHeightMin": 15,
    "cliffHeightGenerator": {
        "style": {"style": "NOWHERE"},
        "sinCentered": false,
        "seed": 50056,
        "parametric": false,
        "zoom": 1.2,
        "enabled": true,
        "offsetX": 0,
        "octaves": 3,
        "offsetZ": 0,
        "offsetY": 0,
        "opacity": 1,
        "bezier": true,
        "exponent": 1.125
    }
}
