{
    "name": "Frozen River",
    "rarity": 1,
    "derivative": "FROZEN_OCEAN",
    "vanillaDerivative": "RIVER",
    "customDerivitives": [{
        "id": "frozen_river_ice",
        "grassColor": "#ADE5FF",
        "downfallType": "snow",
        "category": "icy"
    }],
    "children": ["frozen/sea/frozen-parent-river"],
    "generators": [{
        "min": -32,
        "max": -10,
        "generator": "mountain"
    }],
    "layers": [
        {"palette": [
            {"block": "minecraft:dirt"},
            {"block": "minecraft:gravel"},
            {"block": "minecraft:stone"}
        ]},
        {
            "minHeight": 2,
            "maxHeight": 3,
            "style": {"style": "STATIC"},
            "palette": [
                {
                    "weight": 5,
                    "block": "minecraft:sand"
                },
                {"block": "minecraft:clay"},
                {"block": "minecraft:gravel"},
                {"block": "minecraft:dirt"}
            ]
        }
    ],
    "objects": [
        {
            "chance": 0.3,
            "rotation": {
                "yAxis": {
                    "min": 0,
                    "max": 0,
                    "interval": 90,
                    "enabled": true
                },
                "zAxis": {
                    "min": 180,
                    "max": 180,
                    "interval": 180,
                    "enabled": true
                },
                "enabled": true
            },
            "onwater": true,
            "place": [
                "clutter/icespec1",
                "clutter/icespec2",
                "clutter/icespec3",
                "clutter/icespec4",
                "clutter/icespec5"
            ],
            "translate": {
                "x": 0,
                "y": 0,
                "z": 0
            }
        },
        {
            "chance": 0.3,
            "rotation": {
                "yAxis": {
                    "min": 0,
                    "max": 0,
                    "interval": 90,
                    "enabled": true
                },
                "zAxis": {
                    "min": 180,
                    "max": 180,
                    "interval": 180,
                    "enabled": true
                },
                "enabled": true
            },
            "onwater": true,
            "place": [
                "clutter/icespec1",
                "clutter/icespec2",
                "clutter/icespec3",
                "clutter/icespec4",
                "clutter/icespec5"
            ],
            "translate": {
                "x": 0,
                "y": 0,
                "z": 0
            }
        },
        {
            "chance": 0.3,
            "rotation": {
                "yAxis": {
                    "min": 0,
                    "max": 0,
                    "interval": 90,
                    "enabled": true
                },
                "zAxis": {
                    "min": 180,
                    "max": 180,
                    "interval": 180,
                    "enabled": true
                },
                "enabled": true
            },
            "onwater": true,
            "place": [
                "clutter/icespec1",
                "clutter/icespec2",
                "clutter/icespec3",
                "clutter/icespec4",
                "clutter/icespec5"
            ],
            "translate": {
                "x": 0,
                "y": 0,
                "z": 0
            }
        },
        {
            "chance": 0.0035,
            "rotation": {
                "yAxis": {
                    "min": 0,
                    "max": 0,
                    "interval": 90,
                    "enabled": true
                },
                "enabled": true
            },
            "underwater": true,
            "place": [
                "structures/oruins1",
                "structures/oruins2",
                "structures/oruins3"
            ],
            "mode": "PAINT",
            "loot": [{"name": "structures/ocean-ruins"}],
            "overrideGlobalLoot": true
        }
    ],
    "decorators": [
        {
            "chance": 0.07,
            "variance": {"style": "STATIC"},
            "zoom": 5,
            "palette": [{"block": "minecraft:seagrass"}],
            "style": {"style": "STATIC"}
        },
        {
            "chance": 0.013,
            "verticalZoom": 88,
            "variance": {"style": "STATIC"},
            "stackMax": 6,
            "zoom": 1,
            "palette": [{"block": "minecraft:kelp_plant"}],
            "style": {"style": "STATIC"},
            "heightVariance": {"style": "NOWHERE"},
            "stackMin": 2
        }
    ],
    "childStyle": {"style": "SIMPLEX"},
    "seaLayers": [{
        "minHeight": 1,
        "maxHeight": 2,
        "style": {
            "style": "GLOB_IRIS_THICK",
            "axialFracturing": true
        },
        "zoom": 0.4,
        "palette": [
            {
                "weight": 2,
                "block": "minecraft:ice"
            },
            {
                "weight": 3,
                "block": "minecraft:packed_ice"
            },
            {"block": "minecraft:blue_ice"},
            {
                "weight": 3,
                "block": "minecraft:packed_ice"
            },
            {
                "weight": 2,
                "block": "minecraft:ice"
            },
            {
                "block": "minecraft:water",
                "weight": 8
            }
        ]
    }]
}
