{
    "name": "Frozen River",
    "color": "#3DB9F5",
    "derivative": "FROZEN_RIVER",
    "vanillaDerivative": "FROZEN_RIVER",
    "generators": [{
        "min": -32,
        "max": -10,
        "generator": "mountain"
    }],
    "layers": [
        {"palette": [
            {"block": "minecraft:dirt"},
            {"block": "minecraft:gravel"},
            {"block": "minecraft:stone"}
        ]},
        {
            "minHeight": 2,
            "maxHeight": 3,
            "style": {"style": "STATIC"},
            "palette": [
                {"block": "minecraft:sand"},
                {"block": "minecraft:clay"},
                {"block": "minecraft:sand"},
                {"block": "minecraft:gravel"},
                {"block": "minecraft:sand"},
                {"block": "minecraft:dirt"},
                {
                    "weight": 2,
                    "block": "minecraft:sand"
                }
            ]
        }
    ],
    "objects": [
        {
            "chance": 0.003,
            "density": 3,
            "snow": 0.45,
            "rotation": {
                "yAxis": {
                    "min": 0,
                    "max": 0,
                    "interval": 90,
                    "enabled": true
                },
                "enabled": true
            },
            "onwater": true,
            "place": [
                "clutter/twoicespike1",
                "clutter/twoicespike2",
                "clutter/twoicespike3",
                "clutter/twoicespike4"
            ],
            "translate": {
                "x": 0,
                "y": -4,
                "z": 0
            }
        },
        {
            "chance": 0.2,
            "density": 3,
            "snow": 0.01,
            "rotation": {
                "yAxis": {
                    "min": 0,
                    "max": 0,
                    "interval": 90,
                    "enabled": true
                },
                "enabled": true
            },
            "onwater": true,
            "place": [
                "clutter/singleicespike1",
                "clutter/singleicespike2",
                "clutter/singleicespike3",
                "clutter/singleicespike4",
                "clutter/singleicespike5",
                "clutter/icespec1",
                "clutter/icespec2",
                "clutter/icespec3",
                "clutter/icespec4",
                "clutter/icespec5"
            ]
        }
    ],
    "seaLayers": [
        {
            "minHeight": 3,
            "maxHeight": 6,
            "style": {"style": "NOWHERE"},
            "zoom": 1.16,
            "palette": [
                {
                    "weight": 2,
                    "block": "minecraft:ice"
                },
                {
                    "weight": 3,
                    "block": "minecraft:packed_ice"
                },
                {"block": "minecraft:blue_ice"},
                {
                    "weight": 3,
                    "block": "minecraft:packed_ice"
                },
                {
                    "weight": 2,
                    "block": "minecraft:ice"
                }
            ]
        },
        {
            "minHeight": 1,
            "maxHeight": 2,
            "palette": [{"block": "minecraft:packed_ice"}]
        }
    ]
}
