{
    "name": "Amethyst Cavern",
    "wall": {"palette": [
        {
            "block": "minecraft:amethyst_block",
            "weight": 6
        },
        {"block": "minecraft:budding_amethyst"}
    ]},
    "layers": [
        {
            "palette": [
                {
                    "block": "minecraft:amethyst_block",
                    "weight": 6
                },
                {"block": "minecraft:budding_amethyst"}
            ],
            "maxHeight": 2,
            "minHeight": 2
        },
        {"palette": [{"block": "minecraft:deepslate"}]}
    ],
    "decorators": [
        {
            "chance": 0.1,
            "palette": [
                {
                    "block": "minecraft:amethyst_cluster",
                    "weight": 4
                },
                {
                    "block": "minecraft:small_amethyst_bud",
                    "weight": 3
                },
                {
                    "block": "minecraft:medium_amethyst_bud",
                    "weight": 2
                },
                {"block": "minecraft:large_amethyst_bud"}
            ]
        },
        {
            "partOf": "CEILING",
            "chance": 0.1,
            "palette": [
                {
                    "block": "minecraft:amethyst_cluster",
                    "data": {"facing": "down"},
                    "weight": 4
                },
                {
                    "block": "minecraft:small_amethyst_bud",
                    "data": {"facing": "down"},
                    "weight": 3
                },
                {
                    "block": "minecraft:medium_amethyst_bud",
                    "data": {"facing": "down"},
                    "weight": 2
                },
                {
                    "block": "minecraft:large_amethyst_bud",
                    "data": {"facing": "down"}
                }
            ]
        }
    ],
    "caveCeilingLayers": [
        {
            "palette": [
                {
                    "block": "minecraft:amethyst_block",
                    "weight": 6
                },
                {"block": "minecraft:budding_amethyst"}
            ],
            "maxHeight": 2,
            "minHeight": 2
        },
        {"palette": [{"block": "minecraft:deepslate"}]}
    ]
}
