{
    "name": "Calcite Cavern",
    "wall": {"palette": [{"block": "minecraft:tuff"}]},
    "layers": [{
        "maxHeight": 2,
        "minHeight": 2,
        "palette": [
            {"block": "minecraft:calcite"},
            {"block": "minecraft:diorite"}
        ]
    }],
    "decorators": [{
        "chance": 0.001,
        "style": {"style": "STATIC"},
        "topPalette": [{"block": "minecraft:andesite"}],
        "stackMax": 5,
        "stackMin": 1,
        "palette": [{"block": "minecraft:calcite"}]
    }],
    "caveCeilingLayers": [{
        "maxHeight": 2,
        "minHeight": 2,
        "palette": [
            {"block": "minecraft:calcite"},
            {"block": "minecraft:diorite"}
        ]
    }]
}
