{
    "name": "Deepened Ravine",
    "wall": {
        "style": {"style": "NOWHERE"},
        "palette": [
            {
                "block": "minecraft:stone",
                "weight": 3
            },
            {"block": "minecraft:stone"}
        ]
    },
    "layers": [{
        "style": {"style": "STATIC"},
        "maxHeight": 2,
        "minHeight": 2,
        "palette": [
            {
                "block": "minecraft:stone",
                "weight": 3
            },
            {
                "block": "minecraft:andesite",
                "weight": 3
            }
        ]
    }],
    "decorators": [
        {
            "partOf": "CEILING",
            "chance": 0.03,
            "palette": [{"block": "minecraft:hanging_roots"}]
        },
        {
            "partOf": "CEILING",
            "chance": 0.05,
            "scaleStack": true,
            "stackMin": 20,
            "stackMax": 70,
            "absoluteMaxStack": 10,
            "heightVariance": {"style": "STATIC"},
            "palette": [{"block": "minecraft:andesite_wall"}]
        }
    ],
    "caveCeilingLayers": [{
        "maxHeight": 1,
        "minHeight": 1,
        "style": {"style": "STATIC"},
        "palette": [
            {
                "block": "minecraft:shroomlight",
                "weight": 1
            },
            {
                "block": "minecraft:stone",
                "weight": 20
            },
            {
                "block": "minecraft:rooted_dirt",
                "weight": 2
            }
        ]
    }],
    "childStyle": {
        "style": "STATIC",
        "zoom": 2
    }
}
