{
    "name": "Deepened cave",
    "wall": {
        "style": {"style": "STATIC"},
        "palette": [
            {
                "block": "minecraft:stone",
                "weight": 3
            },
            {"block": "minecraft:stone"}
        ]
    },
    "layers": [{
        "style": {"style": "STATIC"},
        "maxHeight": 2,
        "minHeight": 2,
        "palette": [
            {"block": "minecraft:stone"},
            {"block": "minecraft:andesite"}
        ]
    }],
    "caveCeilingLayers": [{
        "style": {"style": "STATIC"},
        "maxHeight": 2,
        "minHeight": 2,
        "palette": [
            {"block": "minecraft:stone"},
            {"block": "minecraft:andesite"}
        ]
    }]
}
