{
    "name": "Dripstone Cavern Child",
    "wall": {"palette": [{"block": "minecraft:dripstone_block"}]},
    "layers": [{
        "maxHeight": 2,
        "minHeight": 2,
        "palette": [{"block": "minecraft:dripstone_block"}]
    }],
    "decorators": [
        {
            "chance": 0.03,
            "scaleStack": true,
            "stackMin": 5,
            "stackMax": 55,
            "absoluteMaxStack": 4,
            "palette": [{
                "block": "minecraft:pointed_dripstone",
                "data": {"vertical_direction": "up"}
            }]
        },
        {
            "partOf": "CEILING",
            "chance": 0.03,
            "absoluteMaxStack": 4,
            "scaleStack": true,
            "stackMin": 5,
            "stackMax": 55,
            "palette": [{
                "block": "minecraft:pointed_dripstone",
                "data": {"vertical_direction": "down"}
            }]
        }
    ],
    "caveCeilingLayers": [{
        "style": {"style": "NOWHERE"},
        "maxHeight": 2,
        "minHeight": 2,
        "palette": [
            {
                "block": "minecraft:dripstone_block",
                "weight": 15
            },
            {
                "block": "minecraft:shroomlight",
                "weight": 1
            }
        ]
    }]
}
