{
    "name": "Sandstone Cavern",
    "wall": {
        "minHeight": 2,
        "maxHeight": 2,
        "style": {"style": "GLOB_IRIS_THICK"},
        "zoom": 0.4,
        "palette": [
            {
                "weight": 3,
                "block": "minecraft:smooth_red_sandstone"
            },
            {
                "block": "minecraft:smooth_sandstone",
                "weight": 8
            }
        ]
    },
    "layers": [{
        "style": {"style": "GLOB_IRIS_THICK"},
        "zoom": 0.4,
        "palette": [
            {
                "weight": 3,
                "block": "minecraft:smooth_red_sandstone"
            },
            {
                "block": "minecraft:smooth_sandstone",
                "weight": 8
            }
        ]
    }],
    "caveCeilingLayers": [{
        "style": {"style": "GLOB_IRIS_THICK"},
        "zoom": 0.4,
        "palette": [
            {
                "weight": 2,
                "block": "minecraft:smooth_sandstone"
            },
            {"block": "minecraft:red_sandstone"},
            {
                "weight": 3,
                "block": "minecraft:smooth_red_sandstone"
            },
            {
                "weight": 2,
                "block": "minecraft:red_sandstone"
            },
            {
                "block": "minecraft:smooth_sandstone",
                "weight": 8
            }
        ]
    }]
}
