{
    "name": "Sculk Caves",
    "wall": {"palette": [{"block": "minecraft:deepslate"}]},

    "layers": [{
        "style": {
            "style": "NOWHERE_CELLULAR",
            "zoom": 1
        },
        "maxHeight": 2,
        "minHeight": 2,
        "palette": [
            {"block": "minecraft:sculk", "weight": 7},
            {"block": "minecraft:deepslate"}
        ]
    }],
    "caveCeilingLayers": [{
        "maxHeight": 4,
        "minHeight": 2,
        "palette": [{"block": "minecraft:deepslate"}]

    }],
   "decorators": [
    {
        "palette": [
            {"block": "minecraft:sculk_sensor"},
            {"block": "minecraft:sculk_catalyst"}],

            "chance": 0.02
    },
    {
        "palette": [
            {"block": "minecraft:sculk_shrieker"}
        ],
            "chance": 0.005
    },
    {
        "partOf": "CEILING",
        "chance": 0.3,
        "style": {
            "style": "NOWHERE_CELLULAR",
            "zoom": 0.25
        },
        "palette": [{
            "block": "minecraft:sculk_vein"
        }]
    }


]
}
