{
    "name": "Sculk Cavern",
    "wall": {"palette": [{"block": "minecraft:deepslate"}]},

    "layers": [{
        "style": {
            "style": "STATIC",
            "zoom": 1
        },
        "maxHeight": 3,
        "minHeight": 4,
        "palette": [
            {"block": "minecraft:sculk"}
        ]
    }],
    "caveCeilingLayers": [{
        "maxHeight": 4,
        "minHeight": 2,
        "palette": [{"block": "minecraft:deepslate"}]

    }],
   "decorators": [
    {
        "palette": [
            {"block": "minecraft:sculk_sensor"},
            {"block": "minecraft:sculk_catalyst"}],

            "chance": 0.02
    },
    {
        "palette": [
            {"block": "minecraft:sculk_shrieker"}
        ],
            "chance": 0.005
    },
    {
        "partOf": "CEILING",
        "chance": 0.3,
        "style": {
            "style": "NOWHERE_CELLULAR",
            "zoom": 0.25
        },
        "palette": [{
            "block": "minecraft:sculk_vein"
        }]
    },
    {
        "style":{
            "style": "GLOB_IRIS",
            "zoom": 0.28
        },
        "chance": 0.3,
        "scaleStack": true,
        "stackMin": 100,
        "stackMax": 100,
        "topPalette": [
            {"block": "minecraft:cobbled_deepslate"}
        ],
        "palette": [{
            "block": "minecraft:deepslate"
        }],
        "absoluteMaxStack": 40
    }


]
}
