{
    "name": "Swamp Cavern",
    "wall": {
        "minHeight": 2,
        "maxHeight": 2,
        "style": {"style": "STATIC"},
        "zoom": 0.4,
        "palette": [
            {"block": "minecraft:dark_oak_wood"},
            {"block": "minecraft:spruce_wood"}
        ]
    },
    "layers": [{
        "style": {"style": "STATIC"},
        "palette": [
            {"block": "minecraft:grass_block"},
            {"block": "minecraft:podzol"}
        ]
    }],
    "decorators": [
        {
            "chance": 0.15,
            "style": {"style": "STATIC"},
            "palette": [
                {"block": "minecraft:grass"},
                {"block": "minecraft:fern"}
            ]
        },
        {
            "chance": 0.04,
            "style": {"style": "STATIC"},
            "palette": [
                {"block": "minecraft:brown_mushroom"},
                {"block": "minecraft:red_mushroom"}
            ]
        }
    ],
    "caveCeilingLayers": [{
        "maxHeight": 2,
        "minHeight": 2,
        "palette": [
            {"block": "minecraft:rooted_dirt"},
            {"block": "minecraft:coarse_dirt"}
        ]
    }]
}
