{
    "name": "Vertus Vein",
    "wall": {"palette": [{"block": "minecraft:smooth_basalt"}, {"block": "minecraft:red_terracotta"}], "style": {"style": "NOWHERE_CELLULAR", "zoom": 0.15}},
    "layers": [{
        "style": {"style": "NOWHERE_CELLULAR", "zoom": 0.15},
        "maxHeight": 2,
        "minHeight": 2,
        "palette": [
            {
                "block": "minecraft:red_terracotta"
            },
            {
                "block": "minecraft:smooth_basalt"
            }
        ]
    }],
    "decorators": [
        {
            "partOf": "CEILING",
            "chance": 0.09,
            "absoluteMaxStack": 4,
            "scaleStack": true,
            "stackMin": 5,
            "stackMax": 60,
            "palette": [{
                "block": "minecraft:red_stained_glass"
            }]
        },
        {
            "partOf": "CEILING",
            "chance": 0.01,
            "absoluteMaxStack": 1,
            "palette": [{
                "block": "minecraft:sponge"
            }]
        }
    ],
    "caveCeilingLayers": [{
        "style": {"style": "NOWHERE_CELLULAR", "zoom": 0.15},
        "maxHeight": 2,
        "minHeight": 2,
        "palette": [
            {
                "block": "minecraft:red_terracotta"
            },
            {
                "block": "minecraft:smooth_basalt"
            }
        ]
    }]
}
