{
    "name": "Volcanic Cavern",
    "wall": {"palette": [
        {
            "block": "minecraft:smooth_basalt",
            "weight": 10
        },
        {"block": "minecraft:magma_block"}
    ]},
    "layers": [{
        "maxHeight": 2,
        "minHeight": 2,
        "palette": [
            {
                "block": "minecraft:smooth_basalt",
                "weight": 3
            },
            {
                "block": "minecraft:basalt",
                "data": {"axis": "y"},
                "weight": 7
            },
            {"block": "minecraft:magma_block"}
        ]
    }],
    "caveCeilingLayers": [{
        "maxHeight": 2,
        "minHeight": 2,
        "palette": [
            {
                "block": "minecraft:smooth_basalt",
                "weight": 3
            },
            {
                "block": "minecraft:basalt",
                "data": {"axis": "y"},
                "weight": 7
            },
            {"block": "minecraft:magma_block"}
        ]
    }]
}
