{
    "name": "Frozen Hills",
    "color": "#3B98C2",
    "rarity": 1,
    "derivative": "SNOWY_TAIGA",
    "vanillaDerivative": "SNOWY_TAIGA",
    "customDerivitives": [{
        "category": "icy",
        "id": "frozen_hills",
        "waterColor": "#216FC4",
        "downfallType": "snow",
        "temperature": -3,
        "fogColor": "#A6D1FF",
        "waterFogColor": "#216FC4",
        "foliageColor": "#B8D0E1",
        "grassColor": "#D0E1FF"
    }],
    "generators": [{
        "generator": "mountain",
        "max": 103,
        "min": 48
    }],
    "wall": {"palette": [
        {"block": "minecraft:stone"},
        {"block": "minecraft:andesite"}
    ]},
    "layers": [
        {
            "minHeight": 0,
            "maxHeight": 2,
            "palette": [{"block": "minecraft:snow_block"}]
        },
        {
            "minHeight": 1,
            "maxHeight": 1,
            "palette": [{"block": "minecraft:grass_block"}]
        },
        {
            "minHeight": 7,
            "maxHeight": 18,
            "palette": [{"block": "minecraft:dirt"}]
        },
        {
            "minHeight": 6,
            "maxHeight": 18,
            "style": {"style": "STATIC"},
            "palette": [
                {"block": "minecraft:stone"},
                {"block": "minecraft:andesite"},
                {"block": "minecraft:stone"}
            ]
        }
    ],
    "jigsawStructures": [
        {
            "rarity": 1700,
            "structure": "igloo"
        },
        {
            "rarity": 1700,
            "structure": "pillager-outpost"
        },
        {
            "rarity": 1500,
            "structure": "village-snowy"
        }
    ],
    "objects": [
        {
            "chance": 0.1,
            "density": 3,
            "snow": 0.35,
            "rotation": {
                "yAxis": {
                    "min": 0,
                    "max": 0,
                    "interval": 90,
                    "enabled": true
                },
                "enabled": true
            },
            "edit": [{
                "find": [{"block": "minecraft:spruce_leaves"}],
                "replace": {
                    "style": {
                        "style": "PERLIN",
                        "zoom": 0.2
                    },
                    "palette": [
                        {"block": "minecraft:oak_leaves"},
                        {"block": "minecraft:dark_oak_leaves"}
                    ]
                }
            }],
            "place": [
                "trees/spruce/twirl1",
                "trees/spruce/twirl2",
                "trees/spruce/twirl3",
                "trees/spruce/twirl4",
                "trees/spruce/twirl5",
                "trees/spruce/twirl6",
                "trees/spruce/twirl7",
                "trees/spruce/twirl8",
                "trees/spruce/twirl9",
                "trees/spruce/twirl10"
            ]
        },
        {
            "chance": 0.005,
            "mode": "PAINT",
            "edit": [{
                "find": [{"block": "minecraft:vine"}],
                "replace": {"palette": [{"block": "minecraft:air"}]}
            }],
            "rotation": {
                "yAxis": {
                    "min": 0,
                    "max": 0,
                    "interval": 90,
                    "enabled": true
                },
                "enabled": true
            },
            "place": [
                "clutter/obelisk1",
                "clutter/obelisk2",
                "clutter/obelisk3",
                "clutter/obelisk4",
                "clutter/obelisk5",
                "clutter/obelisk6",
                "clutter/obelisk7"
            ]
        }
    ],
    "decorators": [{
        "chance": 1,
        "variance": {
            "style": "NOWHERE",
            "zoom": 0.23
        },
        "palette": [
            {
                "data": {"layers": 1},
                "block": "minecraft:snow"
            },
            {"block": "minecraft:air"}
        ]
    }]
}
