{
    "name": "Frozen Mountain Middle",
    "color": "#2686B0",
    "rarity": 1,
    "derivative": "FROZEN_PEAKS",
    "vanillaDerivative": "FROZEN_PEAKS",
    "biomeScatter": [
        "PLAINS",
        "FOREST"
    ],
    "customDerivitives": [{
        "category": "icy",
        "id": "frozen_mountain_middle",
        "waterColor": "#216FC4",
        "fogColor": "#A6D1FF",
        "downfallType": "snow",
        "temperature": -3,
        "waterFogColor": "#216FC4",
        "foliageColor": "#B8D0E1",
        "grassColor": "#D0E1FF"
    }],
    "generators": [{
        "generator": "mountain",
        "max": 280,
        "min": 70
    }],
    "biomeZoom": 0.4,
    "biomeStyle": {"style": "SIMPLEX"},
    "wall": {"palette": [
        {"block": "minecraft:ice"},
        {"block": "minecraft:ice"},
        {"block": "minecraft:cave_air"}
    ]},
    "layers": [
        {
            "minHeight": 1,
            "maxHeight": 1,
            "slopeCondition": {
                "minimumSlope": 0,
                "maximumSlope": 3.295
            },
            "palette": [{"block": "minecraft:snow_block"}]
        },
        {
            "minHeight": 2,
            "maxHeight": 4,
            "slopeCondition": {"minimumSlope": 3.95},
            "palette": [
                {"block": "minecraft:gravel"},
                {"block": "minecraft:cyan_terracotta"}
            ]
        },
        {
            "minHeight": 2,
            "maxHeight": 4,
            "slopeCondition": {"minimumSlope": 3.95},
            "palette": [
                {"block": "minecraft:stone"},
                {"block": "minecraft:stone"},
                {"block": "minecraft:cobblestone"}
            ]
        },
        {
            "minHeight": 1,
            "maxHeight": 1,
            "slopeCondition": {
                "minimumSlope": 0,
                "maximumSlope": 4
            },
            "palette": [{"block": "minecraft:snow_block"}]
        },
        {
            "minHeight": 3,
            "maxHeight": 3,
            "slopeCondition": {
                "minimumSlope": 0,
                "maximumSlope": 3
            },
            "palette": [{"block": "minecraft:dirt"}]
        }
    ],
    "decorators": [{
        "chance": 1,
        "variance": {
            "style": "NOWHERE",
            "zoom": 0.23
        },
        "palette": [
            {
                "data": {"layers": 1},
                "block": "minecraft:snow"
            },
            {"block": "minecraft:air"}
        ]
    }],
    "childStyle": {
        "style": "STATIC",
        "exponent": 0.625,
        "zoom": 1,
        "fracture": {
            "style": "SIMPLEX",
            "multiplier": 4,
            "zoom": 0.9
        }
    }
}
