{
    "name": "Frozen Pines",
    "color": "#0D6389",
    "rarity": 1,
    "derivative": "SNOWY_TAIGA",
    "vanillaDerivative": "SNOWY_TAIGA",
    "biomeScatter": [
        "SNOWY_TAIGA",
        "OLD_GROWTH_PINE_TAIGA",
        "WINDSWEPT_HILLS",
        "ICE_SPIKES"
    ],
    "customDerivitives": [{
        "category": "icy",
        "id": "frozen_pines",
        "waterColor": "#216FC4",
        "downfallType": "snow",
        "temperature": -3,
        "fogColor": "#A6D1FF",
        "waterFogColor": "#216FC4",
        "foliageColor": "#B8D0E1",
        "grassColor": "#D0E1FF"
    }],
    "children": ["frozen/pines-extended"],
    "generators": [{
        "min": 16,
        "max": 64,
        "generator": "mountain"
    }],
    "biomeZoom": 30,
    "biomeStyle": {"style": "SIMPLEX"},
    "wall": {
        "style": {"style": "STATIC"},
        "palette": [
            {"block": "minecraft:stone"},
            {"block": "minecraft:andesite"},
            {"block": "minecraft:stone"}
        ]
    },
    "layers": [
        {
            "minHeight": 0,
            "maxHeight": 1,
            "palette": [{"block": "minecraft:snow_block"}]
        },
        {
            "minHeight": 1,
            "maxHeight": 1,
            "palette": [{"block": "minecraft:grass_block"}]
        },
        {
            "minHeight": 6,
            "maxHeight": 18,
            "palette": [{"block": "minecraft:dirt"}]
        },
        {
            "minHeight": 2,
            "maxHeight": 4,
            "palette": [{"block": "minecraft:packed_ice"}]
        },
        {
            "minHeight": 6,
            "maxHeight": 18,
            "style": {"style": "STATIC"},
            "palette": [
                {"block": "minecraft:stone"},
                {"block": "minecraft:andesite"},
                {"block": "minecraft:stone"}
            ]
        }
    ],
    "jigsawStructures": [
        {
            "rarity": 1700,
            "structure": "igloo"
        },
        {
            "rarity": 1700,
            "structure": "pillager-outpost"
        },
        {
            "rarity": 1500,
            "structure": "village-snowy"
        }
    ],
    "objects": [
        {
            "chance": 0.02,
            "density": 3,
            "snow": 0.35,
            "rotation": {
                "yAxis": {
                    "min": 0,
                    "max": 0,
                    "interval": 90,
                    "enabled": true
                },
                "enabled": true
            },
            "edit": [{
                "find": [{"block": "minecraft:spruce_leaves"}],
                "replace": {
                    "style": {
                        "style": "PERLIN",
                        "zoom": 0.2
                    },
                    "palette": [
                        {"block": "minecraft:oak_leaves"},
                        {"block": "minecraft:dark_oak_leaves"}
                    ]
                }
            }],
            "place": [
                "clutter/icecluster1",
                "clutter/icecluster2",
                "clutter/icecluster3",
                "clutter/icecluster4",
                "clutter/icecluster5",
                "clutter/icecluster6",
                "clutter/icecluster7",
                "clutter/icecluster8",
                "clutter/icecluster9",
                "clutter/icecluster10",
                "clutter/icecluster11",
                "clutter/singleicespike1",
                "clutter/singleicespike2",
                "clutter/singleicespike3",
                "clutter/singleicespike4",
                "clutter/singleicespike5"
            ],
            "translate": {
                "x": 0,
                "y": -4,
                "z": 0
            }
        },
        {
            "chance": 0.8,
            "snow": 1,
            "edit": [{
                "find": [{"block": "minecraft:spruce_leaves"}],
                "replace": {
                    "style": {
                        "style": "PERLIN",
                        "zoom": 0.2
                    },
                    "palette": [
                        {"block": "minecraft:oak_leaves"},
                        {"block": "minecraft:dark_oak_leaves"}
                    ]
                }
            }],
            "rotation": {
                "yAxis": {
                    "min": 0,
                    "max": 0,
                    "interval": 90,
                    "enabled": true
                },
                "enabled": true
            },
            "place": [
                "trees/spruce/levergreen1",
                "trees/spruce/levergreen1",
                "trees/spruce/mevergreen1",
                "trees/spruce/mevergreen2",
                "trees/spruce/mevergreen3"
            ],
            "translate": {
                "x": 0,
                "y": -2,
                "z": 0
            }
        },
        {
            "chance": 0.06,
            "density": 3,
            "snow": 0.35,
            "rotation": {
                "yAxis": {
                    "min": 0,
                    "max": 0,
                    "interval": 90,
                    "enabled": true
                },
                "enabled": true
            },
            "place": [
                "clutter/icespec1",
                "clutter/icespec2",
                "clutter/icespec3",
                "clutter/icespec4",
                "clutter/icespec5"
            ]
        }
    ],
    "decorators": [{
        "chance": 1,
        "variance": {
            "style": "NOWHERE",
            "zoom": 0.23
        },
        "palette": [
            {
                "data": {"layers": 1},
                "block": "minecraft:snow"
            },
            {"block": "minecraft:air"}
        ]
    }],
    "childShrinkFactor": 20
}
