{
    "name": "Frozen Vander",
    "color": "#688D9E",
    "rarity": 4,
    "derivative": "FROZEN_PEAKS",
    "vanillaDerivative": "FROZEN_PEAKS",
    "biomeScatter": [
        "SNOWY_TAIGA",
        "OLD_GROWTH_PINE_TAIGA",
        "WINDSWEPT_HILLS",
        "ICE_SPIKES"
    ],
    "customDerivitives": [{
        "category": "icy",
        "id": "frozen_vander",
        "waterColor": "#216FC4",
        "fogColor": "#A6D1FF",
        "waterFogColor": "#216FC4",
        "downfallType": "snow",
        "temperature": -3,
        "foliageColor": "#B8D0E1",
        "grassColor": "#D0E1FF"
    }],
    "generators": [{
        "min": 15,
        "max": 64,
        "generator": "mountain"
    }],
    "biomeZoom": 50,
    "biomeStyle": {"style": "SIMPLEX"},
    "wall": {
        "style": {"style": "STATIC"},
        "palette": [
            {"block": "minecraft:stone"},
            {"block": "minecraft:andesite"},
            {"block": "minecraft:stone"}
        ]
    },
    "layers": [
        {
            "maxHeight": 3,
            "palette": [{"block": "minecraft:snow_block"}]
        },
        {
            "minHeight": 2,
            "maxHeight": 4,
            "palette": [{"block": "minecraft:ice"}]
        },
        {
            "minHeight": 2,
            "maxHeight": 4,
            "palette": [{"block": "minecraft:dirt"}]
        },
        {
            "minHeight": 6,
            "maxHeight": 18,
            "style": {"style": "STATIC"},
            "palette": [
                {"block": "minecraft:stone"},
                {"block": "minecraft:andesite"},
                {"block": "minecraft:stone"}
            ]
        }
    ],
    "jigsawStructures": [
        {
            "rarity": 1700,
            "structure": "igloo"
        },
        {
            "rarity": 1700,
            "structure": "pillager-outpost"
        },
        {
            "rarity": 1500,
            "structure": "village-snowy"
        }
    ],
    "objects": [
        {
            "chance": 0.02,
            "mode": "FAST_MIN_HEIGHT",
            "density": 3,
            "rotation": {
                "yAxis": {
                    "min": 0,
                    "max": 0,
                    "interval": 90,
                    "enabled": true
                },
                "enabled": true
            },
            "place": [
                "trees/mushroom/ice1",
                "trees/mushroom/ice2",
                "trees/mushroom/ice3",
                "trees/mushroom/ice4",
                "trees/mushroom/ice5",
                "trees/mushroom/ice6",
                "trees/mushroom/ice7",
                "trees/mushroom/ice8",
                "trees/mushroom/ice9"
            ],
            "translate": {
                "x": 0,
                "y": -5,
                "z": 0
            }
        },
        {
            "chance": 0.1,
            "mode": "PAINT",
            "density": 3,
            "rotation": {
                "yAxis": {
                    "min": 0,
                    "max": 0,
                    "interval": 90,
                    "enabled": true
                },
                "enabled": true
            },
            "place": [
                "trees/mushroom/froShroom1",
                "trees/mushroom/froShroom2",
                "trees/mushroom/froShroom3",
                "trees/mushroom/froShroom4",
                "trees/mushroom/froShroom5",
                "trees/mushroom/froShroom6",
                "trees/mushroom/froShroom7",
                "trees/mushroom/froShroom8",
                "trees/mushroom/froShroom9"
            ],
            "translate": {
                "x": 0,
                "y": -1,
                "z": 0
            }
        },
        {
            "chance": 0.45,
            "density": 3,
            "edit": [
                {
                    "find": [{"block": "minecraft:spruce_planks"}],
                    "replace": {"palette": [{"block": "minecraft:stripped_spruce_wood"}]}
                },
                {
                    "find": [{"block": "minecraft:oak_wood"}],
                    "replace": {"palette": [{"block": "minecraft:dark_oak_wood"}]}
                },
                {
                    "find": [{"block": "minecraft:spruce_fence"}],
                    "replace": {"palette": [{"block": "minecraft:dark_oak_fence"}]}
                },
                {
                    "find": [{"block": "minecraft:spruce_leaves"}],
                    "replace": {
                        "style": {
                            "style": "PERLIN",
                            "zoom": 0.2
                        },
                        "palette": [
                            {"block": "minecraft:oak_leaves"},
                            {"block": "minecraft:dark_oak_leaves"}
                        ]
                    }
                }
            ],
            "rotation": {
                "yAxis": {
                    "min": 0,
                    "max": 0,
                    "interval": 90,
                    "enabled": true
                },
                "enabled": true
            },
            "place": [
                "trees/sproak/generic1",
                "trees/sproak/generic2",
                "trees/sproak/generic3",
                "trees/sproak/generic4",
                "trees/sproak/generic5",
                "trees/sproak/generic7",
                "trees/sproak/generic8",
                "trees/sproak/generic9",
                "trees/sproak/generic10",
                "trees/sproak/generic11",
                "trees/sproak/generic12"
            ],
            "translate": {
                "x": 0,
                "y": -1,
                "z": 0
            }
        },
        {
            "chance": 0.1,
            "mode": "PAINT",
            "density": 3,
            "snow": 0.35,
            "rotation": {
                "yAxis": {
                    "min": 0,
                    "max": 0,
                    "interval": 90,
                    "enabled": true
                },
                "enabled": true
            },
            "place": [
                "clutter/singleicespike1",
                "clutter/singleicespike2",
                "clutter/singleicespike3",
                "clutter/singleicespike4",
                "clutter/singleicespike5",
                "clutter/icespec1",
                "clutter/icespec2",
                "clutter/icespec3",
                "clutter/icespec4",
                "clutter/icespec5"
            ]
        }
    ],
    "decorators": [{
        "chance": 0.5,
        "minHeight": 1,
        "maxHeight": 1,
        "style": {
            "style": "NOWHERE",
            "zoom": 0.7
        },
        "zoom": 0.6,
        "palette": [
            {
                "data": {"layers": 1},
                "block": "minecraft:snow"
            },
            {"block": "minecraft:air"}
        ]
    }],
    "childShrinkFactor": 20
}
