{
    "object": "jigsaw/mineshaft/intersection",
    "placementOptions":{
        "bore": true
    },
    "connectors": [
        {
            "name": "",
            "targetName": "*",
            "innerConnector": false,
            "pools": ["mineshaft/way"],
            "keepEntity": false,
            "entityCount": 1,
            "position": {
                "x": -1,
                "y": 1,
                "z": 0
            },
            "direction": "WEST_NEGATIVE_X"
        },
        {
            "name": "",
            "targetName": "*",
            "innerConnector": false,
            "pools": ["mineshaft/way"],
            "keepEntity": false,
            "entityCount": 1,
            "position": {
                "x": 0,
                "y": 1,
                "z": -1
            },
            "direction": "NORTH_NEGATIVE_Z"
        },
        {
            "name": "",
            "targetName": "*",
            "innerConnector": false,
            "pools": ["mineshaft/way"],
            "keepEntity": false,
            "entityCount": 1,
            "position": {
                "x": 1,
                "y": 1,
                "z": 0
            },
            "direction": "EAST_POSITIVE_X"
        },
        {
            "name": "",
            "targetName": "*",
            "innerConnector": false,
            "pools": ["mineshaft/way"],
            "keepEntity": false,
            "entityCount": 1,
            "position": {
                "x": 0,
                "y": 1,
                "z": 1
            },
            "direction": "SOUTH_POSITIVE_Z"
        }
    ]
}
