{
    "$schema": "http://json-schema.org/draft-07/schema#",
    "$id": "https://volmit.com/iris-schema/irisaxisrotationclamp.json",
    "anyOf": [
        {
            "description": "Represents a rotation axis with intervals and maxes. The x and z axis values are defaulted to disabled. The Y axis defaults to on, rotating by 90 degree increments.",
            "type": "object",
            "properties": {
                "enabled": {
                    "type": "boolean",
                    "description": "enabled\nShould this axis be rotated at all?\n   \nBoolean\n\n    \n* Default Value is a default object (create this object to see default properties)"
                },
                "min": {
                    "type": "number",
                    "minimum": -360,
                    "maximum": 360,
                    "description": "min\nThe minimum angle (from) or set this and max to zero for any angle degrees. Set both to the same non-zero value to force it to that angle only\n   \nNumber\n\n    \n* Default Value is 0.0\n* Minimum allowed is -360.0\n* Maximum allowed is 360.0"
                },
                "max": {
                    "type": "number",
                    "minimum": -360,
                    "maximum": 360,
                    "description": "max\nThe maximum angle (to) or set this and min to zero for any angle degrees. Set both to the same non-zero value to force it to that angle only\n   \nNumber\n\n    \n* Default Value is 0.0\n* Minimum allowed is -360.0\n* Maximum allowed is 360.0"
                },
                "interval": {
                    "type": "number",
                    "minimum": 0,
                    "maximum": 360,
                    "description": "interval\nIris spins the axis but not freely. For example an interval of 90 would mean 4 possible angles (right angles) degrees. \nSetting this to 0 means totally free rotation.\n\nNote that a lot of structures can have issues with non 90 degree intervals because the minecraft block resolution is so low.\n   \nNumber\n\n    \n* Default Value is 0.0\n* Minimum allowed is 0.0\n* Maximum allowed is 360.0"
                }
            }
        },
        {"type": "string"}
    ],
    "definitions": {}
}
