{
    "$schema": "http://json-schema.org/draft-07/schema#",
    "$id": "https://volmit.com/iris-schema/irismodbiomeinjector.json",
    "anyOf": [
        {
            "description": "A biome injector",
            "type": "object",
            "properties": {
                "region": {
                    "type": "string",
                    "$ref": "#/definitions/erzregions",
                    "description": "region\nThe region to find\n   \nIris Region\n\n    \n* Default Value is \nMust be a valid regions (use ctrl+space for auto complete!)"
                },
                "inject": {
                    "type": "array",
                    "minItems": 1,
                    "items": {"$ref": "#/definitions/erzbiomes"},
                    "description": "inject\nA biome to inject into the region\n   \nList<Biome>\n\n    \n* Default Value is an empty list\n* At least one entry must be defined, or just remove this list.\nMust be a valid Biome (use ctrl+space for auto complete!)"
                }
            }
        },
        {"type": "string"}
    ],
    "definitions": {
        "erzbiomes": {"enum": [
            "carving/ice-huge",
            "carving/ice-lite",
            "carving/ice-mountain",
            "carving/amethyst",
            "ocean/shore/beach",
            "savanna/savanna",
            "carving/drip",
            "carving/ice",
            "carving/mixed-sandstone",
            "mesa/plateau",
            "ocean/warm",
            "hot/shore/beach",
            "temperate/flower-forest",
            "carving/mountain-caves",
            "frozen/sea/ocean",
            "temperate/osaka-red-forest",
            "carving/red-sandstone",
            "hot/ash-desert",
            "mesa/cliffs",
            "mesa/valleys",
            "frozen/pines-extended",
            "hot/shore/beach-grass",
            "mesa/green",
            "mesa/shore/beach",
            "frozen/spruce-hills-extended",
            "savanna/cliff",
            "temperate/sea/ocean-deep",
            "carving/sandstone",
            "temperate/shore/beach",
            "carving/sculk-huge",
            "frozen/vander",
            "frozen/spruce-plains",
            "savanna/forest",
            "hot/desert-dunes-red",
            "temperate/crystal-forest",
            "hot/sea/ocean-cliffs",
            "temperate/sea/ocean",
            "temperate/shore/oak-beach",
            "mesa/dark",
            "hot/sea/ocean",
            "mesa/blue",
            "mesa/yellow",
            "carving/ice-ravine",
            "frozen/mountains",
            "frozen/sea/river",
            "carving/lava",
            "savanna/shore/beach",
            "hot/mountain-plains",
            "temperate/stranged-plains",
            "carving/vertus-crystal",
            "carving/deep",
            "carving/swamp",
            "frozen/sea/frozen-parent-river",
            "frozen/shore/beach",
            "carving/lush-huge",
            "carving/rocky-huge",
            "frozen/pine-hills",
            "ocean/deep",
            "frozen/redwood-forest-extended",
            "frozen/ice-spikes",
            "frozen/plains",
            "frozen/redwood-forest",
            "frozen/hills-extended",
            "mesa/plateau-dirt-high",
            "mesa/red",
            "temperate/pumpkin-plains",
            "frozen/mountain-cliffs-extended",
            "temperate/flower-forest-extended",
            "temperate/oak-forest",
            "temperate/birch-forest",
            "temperate/oak-forest-extended",
            "carving/calcite",
            "carving/sandstone-huge",
            "hot/desert-dunes",
            "temperate/meadows",
            "carving/lush",
            "carving/rocky",
            "carving/deepslate-huge",
            "temperate/birch-thin",
            "hot/mountain-middle",
            "frozen/sea/frozen-river-ice",
            "mesa/plateau-high",
            "savanna/plateau",
            "carving/granite",
            "frozen/pines",
            "frozen/mountain",
            "temperate/sea/river",
            "carving/drip-lite",
            "hot/mountain",
            "carving/deepravine",
            "mesa/plateau-dirt",
            "hot/mountain-cliffs",
            "carving/plain",
            "hot/oasis",
            "frozen/peak",
            "carving/sculk",
            "temperate/plains",
            "hot/sea/river",
            "frozen/hills",
            "frozen/mountain-extended",
            "frozen/pine-plains",
            "mesa/mesa",
            "carving/deepslate",
            "carving/volcanic",
            "frozen/mountain-cliffs",
            "savanna/cliff-extended",
            "ocean/ocean",
            "savanna/acacia-denmyre",
            "mesa/sea/river",
            "temperate/birch-forest-extended",
            "frozen/spruce-hills",
            "ocean/warm-bottom",
            "carving/jungle"
        ]},
        "erzregions": {"enum": [
            "temperate",
            "frozen",
            "hot"
        ]}
    }
}
