{
    "$schema": "http://json-schema.org/draft-07/schema#",
    "$id": "https://volmit.com/iris-schema/iriscommand.json",
    "anyOf": [
        {
            "description": "Represents a set of Iris commands",
            "type": "object",
            "properties": {
                "commands": {
                    "type": "array",
                    "minItems": 1,
                    "description": "commands\nList of commands. Iris replaces {x} {y} and {z} with the location of the entity spawn\n   \nList of Text\n\n    \n* Default Value is an empty list\n* At least one entry must be defined, or just remove this list."
                },
                "delay": {
                    "type": "integer",
                    "description": "delay\nThe delay for running the command. Instant by default\n   \nInteger\n\n    \n* Default Value is 0"
                },
                "repeat": {
                    "type": "boolean",
                    "description": "repeat\nIf this should be repeated (indefinitely, cannot be cancelled). This does not persist with server-restarts, so it only repeats when the chunk is generated.\n   \nBoolean\n\n    \n* Default Value is a default object (create this object to see default properties)"
                },
                "repeatDelay": {
                    "type": "integer",
                    "description": "repeatDelay\nThe delay between repeats, in server ticks (by default 100, so 5 seconds)\n   \nInteger\n\n    \n* Default Value is 100"
                },
                "timeBlock": {
                    "anyOf": [
                        {
                            "!required": false,
                            "type": "object",
                            "$ref": "#/definitions/obj-com-volmit-iris-engine-object-iristimeblock",
                            "description": "timeBlock\nThe block of 24 hour time in which the command should execute.\n   \nTimeBlock (Object)\nRepresents a time of day (24h time, not 12h am/pm). Set both to the same number for any time. If they are both set to -1, it will always be not allowed.\n    \nYou can instead specify \"snippet/time-block/some-name.json\" to use a snippet file instead of specifying it here.\n    \n* Default Value is a default object (create this object to see default properties)"
                        },
                        {
                            "type": "string",
                            "$ref": "#/definitions/enum-snippet-time-block",
                            "description": "timeBlock\nThe block of 24 hour time in which the command should execute.\n   \nTimeBlock (Object)\nRepresents a time of day (24h time, not 12h am/pm). Set both to the same number for any time. If they are both set to -1, it will always be not allowed.\n    \nYou can instead specify \"snippet/time-block/some-name.json\" to use a snippet file instead of specifying it here.\n    \n* Default Value is a default object (create this object to see default properties)"
                        }
                    ],
                    "description": "timeBlock\nThe block of 24 hour time in which the command should execute.\n   \nTimeBlock (Object)\nRepresents a time of day (24h time, not 12h am/pm). Set both to the same number for any time. If they are both set to -1, it will always be not allowed.\n    \nYou can instead specify \"snippet/time-block/some-name.json\" to use a snippet file instead of specifying it here.\n    \n* Default Value is a default object (create this object to see default properties)"
                },
                "weather": {
                    "type": "string",
                    "$ref": "#/definitions/oneof-enum-com-volmit-iris-engine-object-irisweather",
                    "description": "weather\nThe weather that is required for the command to execute.\n   \nWeather\nRepresents a weather type\n    \n* Default Value is a default object (create this object to see default properties)\nMust be a valid Weather (use ctrl+space for auto complete!)"
                }
            }
        },
        {"type": "string"}
    ],
    "definitions": {
        "enum-snippet-time-block": {"enum": []},
        "oneof-enum-com-volmit-iris-engine-object-irisweather": {"oneOf": [
            {
                "const": "NONE",
                "description": "Represents when weather is not causing downfall"
            },
            {
                "const": "DOWNFALL",
                "description": "Represents rain or snow"
            },
            {
                "const": "DOWNFALL_WITH_THUNDER",
                "description": "Represents rain or snow with thunder"
            },
            {
                "const": "ANY",
                "description": "Any weather"
            }
        ]},
        "obj-com-volmit-iris-engine-object-iristimeblock": {"anyOf": [
            {
                "description": "Represents a time of day (24h time, not 12h am/pm). Set both to the same number for any time. If they are both set to -1, it will always be not allowed.",
                "type": "object",
                "properties": {
                    "startHour": {
                        "type": "number",
                        "description": "startHour\nThe beginning hour. Set both to the same number for any time. If they are both set to -1, it will always be not allowed.\n   \nNumber\n\n    \n* Default Value is 0.0"
                    },
                    "endHour": {
                        "type": "number",
                        "description": "endHour\nThe ending hour. Set both to the same number for any time. If they are both set to -1, it will always be not allowed.\n   \nNumber\n\n    \n* Default Value is 0.0"
                    }
                }
            },
            {"type": "string"}
        ]}
    }
}
