{
    "$schema": "http://json-schema.org/draft-07/schema#",
    "$id": "https://volmit.com/iris-schema/irisbiomecustomparticle.json",
    "anyOf": [
        {
            "description": "A custom biome ambient particle",
            "type": "object",
            "properties": {
                "particle": {
                    "type": "string",
                    "$ref": "#/definitions/enum-org-bukkit-particle",
                    "description": "particle\nThe biome's particle type\n   \nParticle\n\n    \n* Default Value is a default object (create this object to see default properties)\nMust be a valid Particle (use ctrl+space for auto complete!)"
                },
                "rarity": {
                    "type": "integer",
                    "minimum": 1,
                    "maximum": 10000,
                    "description": "rarity\nThe rarity\n   \nInteger\n\n    \n* Default Value is 35\n* Minimum allowed is 1\n* Maximum allowed is 10000"
                }
            }
        },
        {"type": "string"}
    ],
    "definitions": {"enum-org-bukkit-particle": {"enum": [
        "EXPLOSION_NORMAL",
        "EXPLOSION_LARGE",
        "EXPLOSION_HUGE",
        "FIREWORKS_SPARK",
        "WATER_BUBBLE",
        "WATER_SPLASH",
        "WATER_WAKE",
        "SUSPENDED",
        "SUSPENDED_DEPTH",
        "CRIT",
        "CRIT_MAGIC",
        "SMOKE_NORMAL",
        "SMOKE_LARGE",
        "SPELL",
        "SPELL_INSTANT",
        "SPELL_MOB",
        "SPELL_MOB_AMBIENT",
        "SPELL_WITCH",
        "DRIP_WATER",
        "DRIP_LAVA",
        "VILLAGER_ANGRY",
        "VILLAGER_HAPPY",
        "TOWN_AURA",
        "NOTE",
        "PORTAL",
        "ENCHANTMENT_TABLE",
        "FLAME",
        "LAVA",
        "CLOUD",
        "REDSTONE",
        "SNOWBALL",
        "SNOW_SHOVEL",
        "SLIME",
        "HEART",
        "ITEM_CRACK",
        "BLOCK_CRACK",
        "BLOCK_DUST",
        "WATER_DROP",
        "MOB_APPEARANCE",
        "DRAGON_BREATH",
        "END_ROD",
        "DAMAGE_INDICATOR",
        "SWEEP_ATTACK",
        "FALLING_DUST",
        "TOTEM",
        "SPIT",
        "SQUID_INK",
        "BUBBLE_POP",
        "CURRENT_DOWN",
        "BUBBLE_COLUMN_UP",
        "NAUTILUS",
        "DOLPHIN",
        "SNEEZE",
        "CAMPFIRE_COSY_SMOKE",
        "CAMPFIRE_SIGNAL_SMOKE",
        "COMPOSTER",
        "FLASH",
        "FALLING_LAVA",
        "LANDING_LAVA",
        "FALLING_WATER",
        "DRIPPING_HONEY",
        "FALLING_HONEY",
        "LANDING_HONEY",
        "FALLING_NECTAR",
        "SOUL_FIRE_FLAME",
        "ASH",
        "CRIMSON_SPORE",
        "WARPED_SPORE",
        "SOUL",
        "DRIPPING_OBSIDIAN_TEAR",
        "FALLING_OBSIDIAN_TEAR",
        "LANDING_OBSIDIAN_TEAR",
        "REVERSE_PORTAL",
        "WHITE_ASH",
        "DUST_COLOR_TRANSITION",
        "VIBRATION",
        "FALLING_SPORE_BLOSSOM",
        "SPORE_BLOSSOM_AIR",
        "SMALL_FLAME",
        "SNOWFLAKE",
        "DRIPPING_DRIPSTONE_LAVA",
        "FALLING_DRIPSTONE_LAVA",
        "DRIPPING_DRIPSTONE_WATER",
        "FALLING_DRIPSTONE_WATER",
        "GLOW_SQUID_INK",
        "GLOW",
        "WAX_ON",
        "WAX_OFF",
        "ELECTRIC_SPARK",
        "SCRAPE",
        "SONIC_BOOM",
        "SCULK_SOUL",
        "SCULK_CHARGE",
        "SCULK_CHARGE_POP",
        "SHRIEK",
        "BLOCK_MARKER",
        "LEGACY_BLOCK_CRACK",
        "LEGACY_BLOCK_DUST",
        "LEGACY_FALLING_DUST"
    ]}}
}
