{
    "$schema": "http://json-schema.org/draft-07/schema#",
    "$id": "https://volmit.com/iris-schema/irisenchantment.json",
    "anyOf": [
        {
            "description": "Represents an enchantment & level",
            "type": "object",
            "properties": {
                "enchantment": {
                    "type": "string",
                    "$ref": "#/definitions/enum-enchantment",
                    "description": "enchantment\nThe enchantment\n   \nEnchantment Type\n\nMust be a valid Enchantment Type (use ctrl+space for auto complete!)"
                },
                "minLevel": {
                    "type": "integer",
                    "minimum": 1,
                    "description": "minLevel\nMinimum amount of this loot\n   \nInteger\n\n    \n* Default Value is 1\n* Minimum allowed is 1"
                },
                "maxLevel": {
                    "type": "integer",
                    "minimum": 1,
                    "description": "maxLevel\nMaximum amount of this loot\n   \nInteger\n\n    \n* Default Value is 1\n* Minimum allowed is 1"
                },
                "chance": {
                    "type": "number",
                    "minimum": 0,
                    "maximum": 1,
                    "description": "chance\nThe chance that this enchantment is applied (0 to 1)\n   \nNumber\n\n    \n* Default Value is 1.0\n* Minimum allowed is 0.0\n* Maximum allowed is 1.0"
                }
            }
        },
        {"type": "string"}
    ],
    "definitions": {"enum-enchantment": {"enum": [
        "fire_protection",
        "sharpness",
        "flame",
        "soul_speed",
        "aqua_affinity",
        "punch",
        "loyalty",
        "depth_strider",
        "vanishing_curse",
        "unbreaking",
        "knockback",
        "luck_of_the_sea",
        "binding_curse",
        "fortune",
        "protection",
        "efficiency",
        "mending",
        "frost_walker",
        "lure",
        "looting",
        "piercing",
        "blast_protection",
        "smite",
        "multishot",
        "swift_sneak",
        "fire_aspect",
        "channeling",
        "sweeping",
        "thorns",
        "bane_of_arthropods",
        "respiration",
        "riptide",
        "silk_touch",
        "quick_charge",
        "projectile_protection",
        "impaling",
        "feather_falling",
        "power",
        "infinity"
    ]}}
}
