{
    "$schema": "http://json-schema.org/draft-07/schema#",
    "$id": "https://volmit.com/iris-schema/irisinterpolator3d.json",
    "anyOf": [
        {
            "description": "Configures interpolatin in 3D",
            "type": "object",
            "properties": {
                "function": {
                    "type": "string",
                    "$ref": "#/definitions/oneof-enum-com-volmit-iris-util-interpolation-interpolationmethod3d",
                    "description": "function\nThe interpolation method when two biomes use different heights but this same generator\n   \nInterpolationMethod3D\nAn interpolation method (or function) is simply a method of smoothing a position based on surrounding points on a grid. Bicubic for example is smoother, but has 4 times the checks than Bilinear for example. Try using BILINEAR_STARCAST_9 for beautiful results.\n    \n* Default Value is a default object (create this object to see default properties)\nMust be a valid InterpolationMethod3D (use ctrl+space for auto complete!)"
                },
                "scale": {
                    "type": "number",
                    "minimum": 1,
                    "maximum": 8192,
                    "description": "scale\nThe range checked in all dimensions. Smaller ranges yeild more detail but are not as smooth.\n   \nNumber\n\n    \n* Default Value is 4.0\n* Minimum allowed is 1.0\n* Maximum allowed is 8192.0"
                }
            }
        },
        {"type": "string"}
    ],
    "definitions": {"oneof-enum-com-volmit-iris-util-interpolation-interpolationmethod3d": {"oneOf": [
        {
            "const": "TRILINEAR",
            "description": "No Description for TRILINEAR"
        },
        {
            "const": "TRICUBIC",
            "description": "No Description for TRICUBIC"
        },
        {
            "const": "TRIHERMITE",
            "description": "No Description for TRIHERMITE"
        },
        {
            "const": "TRISTARCAST_3",
            "description": "No Description for TRISTARCAST_3"
        },
        {
            "const": "TRISTARCAST_6",
            "description": "No Description for TRISTARCAST_6"
        },
        {
            "const": "TRISTARCAST_9",
            "description": "No Description for TRISTARCAST_9"
        },
        {
            "const": "TRISTARCAST_12",
            "description": "No Description for TRISTARCAST_12"
        },
        {
            "const": "TRILINEAR_TRISTARCAST_3",
            "description": "No Description for TRILINEAR_TRISTARCAST_3"
        },
        {
            "const": "TRILINEAR_TRISTARCAST_6",
            "description": "No Description for TRILINEAR_TRISTARCAST_6"
        },
        {
            "const": "TRILINEAR_TRISTARCAST_9",
            "description": "No Description for TRILINEAR_TRISTARCAST_9"
        },
        {
            "const": "TRILINEAR_TRISTARCAST_12",
            "description": "No Description for TRILINEAR_TRISTARCAST_12"
        },
        {
            "const": "NONE",
            "description": "No Description for NONE"
        }
    ]}}
}
