{
    "$schema": "http://json-schema.org/draft-07/schema#",
    "$id": "https://volmit.com/iris-schema/irislootreference.json",
    "anyOf": [
        {
            "description": "Represents a loot entry",
            "type": "object",
            "properties": {
                "mode": {
                    "type": "string",
                    "$ref": "#/definitions/oneof-enum-com-volmit-iris-engine-object-irislootmode",
                    "description": "mode\nAdd = add on top of parent tables, Replace = clear first then add these. Clear = Remove all and dont add loot from this or parent.\n   \nLootMode\nA loot mode is used to describe what to do with the existing loot layers before adding this loot. Using ADD will simply add this table to the building list of tables (i.e. add dimension tables, region tables then biome tables). By using clear or replace, you remove the parent tables before and add just your tables.\n    \n* Default Value is a default object (create this object to see default properties)\nMust be a valid LootMode (use ctrl+space for auto complete!)"
                },
                "tables": {
                    "type": "array",
                    "minItems": 1,
                    "items": {"$ref": "#/definitions/erzloot"},
                    "description": "tables\nAdd loot table registries here\n   \nList<Loot>\n\n    \n* Default Value is an empty list\n* At least one entry must be defined, or just remove this list.\nMust be a valid Loot (use ctrl+space for auto complete!)"
                },
                "multiplier": {
                    "type": "number",
                    "minimum": 0,
                    "description": "multiplier\nIncrease the chance of loot in this area\n   \nNumber\n\n    \n* Default Value is 1.0\n* Minimum allowed is 0.0"
                }
            }
        },
        {"type": "string"}
    ],
    "definitions": {
        "erzloot": {"enum": [
            "structures/village/plain",
            "structures/stronghold/generic",
            "ocean/clutter",
            "structures/village/toolsmith",
            "frozen/clutter",
            "structures/stronghold/maze",
            "structures/village/taiga",
            "tropical/treasure",
            "swamp/clutter",
            "cold/food",
            "structures/village/weaponsmith",
            "hot/treasure",
            "structures/ruined-portal",
            "structures/village/tannery",
            "structures/village/fletcher",
            "cold/treasure",
            "structures/ancient-city",
            "structures/igloo",
            "structures/pillager-outpost",
            "structures/village/snowy",
            "structures/village/armorer",
            "structures/village/shepherd",
            "swamp/food",
            "temperate/food",
            "cactus/clutter",
            "structures/ocean-ruins",
            "structures/village/savanna",
            "structures/pyramid-jungle",
            "temperate/clutter",
            "structures/amenhotep",
            "structures/shipwreck/map_chest",
            "tropical/dungeon",
            "structures/mineshaft",
            "beach/clutter",
            "snow/clutter",
            "structures/shipwreck/supply_chest",
            "structures/dungeon",
            "structures/end-city",
            "structures/woodland-mansion",
            "structures/village/temple",
            "structures/stronghold/library",
            "cave/clutter",
            "tropical/food",
            "global-treasure",
            "structures/village/butcher",
            "global-tools",
            "structures/village/mason",
            "hot/food",
            "structures/pyramid-desert",
            "structures/village/cartographer",
            "structures/village/desert",
            "mushroom/clutter",
            "frozen/food",
            "global-clutter",
            "mushroom/food",
            "forest/food",
            "structures/village/fisher",
            "structures/shipwreck/treasure_chest"
        ]},
        "oneof-enum-com-volmit-iris-engine-object-irislootmode": {"oneOf": [
            {
                "const": "ADD",
                "description": "Add to the existing parent loot tables"
            },
            {
                "const": "CLEAR",
                "description": "Clear all loot tables then add this table"
            },
            {
                "const": "REPLACE",
                "description": "Replace all loot tables with this table (same as clear)"
            }
        ]}
    }
}
