{
    "$schema": "http://json-schema.org/draft-07/schema#",
    "$id": "https://volmit.com/iris-schema/irisobjecttranslate.json",
    "anyOf": [
        {
            "description": "Translate objects",
            "type": "object",
            "properties": {
                "x": {
                    "type": "integer",
                    "minimum": -128,
                    "maximum": 128,
                    "description": "x\nThe x shift in blocks\n   \nInteger\n\n    \n* Default Value is 0\n* Minimum allowed is -128\n* Maximum allowed is 128"
                },
                "y": {
                    "type": "integer",
                    "minimum": -128,
                    "maximum": 128,
                    "description": "y\nThe y shift in blocks\n   \nInteger\n\n    \n* Default Value is 0\n* Minimum allowed is -128\n* Maximum allowed is 128"
                },
                "yRandom": {
                    "type": "integer",
                    "minimum": -128,
                    "maximum": 128,
                    "description": "yRandom\nAdds an additional amount of height randomly (translateY + rand(0 - yRandom))\n   \nInteger\n\n    \n* Default Value is 0\n* Minimum allowed is -128\n* Maximum allowed is 128"
                },
                "z": {
                    "type": "integer",
                    "minimum": -128,
                    "maximum": 128,
                    "description": "z\nThe z shift in blocks\n   \nInteger\n\n    \n* Default Value is 0\n* Minimum allowed is -128\n* Maximum allowed is 128"
                }
            }
        },
        {"type": "string"}
    ],
    "definitions": {}
}
