{
    "$schema": "http://json-schema.org/draft-07/schema#",
    "$id": "https://volmit.com/iris-schema/irisobjectscale.json",
    "anyOf": [
        {
            "description": "Scale objects",
            "type": "object",
            "properties": {
                "variations": {
                    "type": "integer",
                    "minimum": 1,
                    "maximum": 32,
                    "description": "variations\nIris Objects are scaled and cached to speed up placements. Because of this extra memory is used, so we evenly distribute variations across the defined scale range, then pick one randomly. If the differences is small, use a lower number. For more possibilities on the scale spectrum, increase this at the cost of memory.\n   \nInteger\n\n    \n* Default Value is 7\n* Minimum allowed is 1\n* Maximum allowed is 32"
                },
                "minimumScale": {
                    "type": "number",
                    "minimum": 0.01,
                    "maximum": 50,
                    "description": "minimumScale\nThe minimum scale\n   \nNumber\n\n    \n* Default Value is 1.0\n* Minimum allowed is 0.01\n* Maximum allowed is 50.0"
                },
                "maximumScale": {
                    "type": "number",
                    "minimum": 0.01,
                    "maximum": 50,
                    "description": "maximumScale\nThe maximum height for placement (top of object)\n   \nNumber\n\n    \n* Default Value is 1.0\n* Minimum allowed is 0.01\n* Maximum allowed is 50.0"
                },
                "interpolation": {
                    "type": "string",
                    "$ref": "#/definitions/oneof-enum-com-volmit-iris-engine-object-irisobjectplacementscaleinterpolator",
                    "description": "interpolation\nIf this object is scaled up beyond its origin size, specify a 3D interpolator\n   \nObjectPlacementScaleInterpolator\nUse 3D Interpolation on scaled objects if they are larger than the origin.\n    \n* Default Value is a default object (create this object to see default properties)\nMust be a valid ObjectPlacementScaleInterpolator (use ctrl+space for auto complete!)"
                }
            }
        },
        {"type": "string"}
    ],
    "definitions": {"oneof-enum-com-volmit-iris-engine-object-irisobjectplacementscaleinterpolator": {"oneOf": [
        {
            "const": "NONE",
            "description": "Don't interpolate, big cubes"
        },
        {
            "const": "TRILINEAR",
            "description": "Uses linear interpolation in 3 dimensions, generally pretty good, but slow"
        },
        {
            "const": "TRICUBIC",
            "description": "Uses cubic spline interpolation in 3 dimensions, even better, but extreme slowdowns"
        },
        {
            "const": "TRIHERMITE",
            "description": "Uses hermite spline interpolation in 3 dimensions, even better, but extreme slowdowns"
        }
    ]}}
}
