{
    "$schema": "http://json-schema.org/draft-07/schema#",
    "$id": "https://volmit.com/iris-schema/irisobjectrotation.json",
    "anyOf": [
        {
            "description": "Configures rotation for iris",
            "type": "object",
            "properties": {
                "enabled": {
                    "type": "boolean",
                    "description": "enabled\nIf this rotator is enabled or not\n   \nBoolean\n\n    \n* Default Value is a default object (create this object to see default properties)"
                },
                "xAxis": {
                    "anyOf": [
                        {
                            "!required": false,
                            "type": "object",
                            "$ref": "#/definitions/obj-com-volmit-iris-engine-object-irisaxisrotationclamp",
                            "description": "xAxis\nThe x axis rotation\n   \nAxisRotationClamp (Object)\nRepresents a rotation axis with intervals and maxes. The x and z axis values are defaulted to disabled. The Y axis defaults to on, rotating by 90 degree increments.\n    \nYou can instead specify \"snippet/axis-rotation/some-name.json\" to use a snippet file instead of specifying it here.\n    \n* Default Value is a default object (create this object to see default properties)"
                        },
                        {
                            "type": "string",
                            "$ref": "#/definitions/enum-snippet-axis-rotation",
                            "description": "xAxis\nThe x axis rotation\n   \nAxisRotationClamp (Object)\nRepresents a rotation axis with intervals and maxes. The x and z axis values are defaulted to disabled. The Y axis defaults to on, rotating by 90 degree increments.\n    \nYou can instead specify \"snippet/axis-rotation/some-name.json\" to use a snippet file instead of specifying it here.\n    \n* Default Value is a default object (create this object to see default properties)"
                        }
                    ],
                    "description": "xAxis\nThe x axis rotation\n   \nAxisRotationClamp (Object)\nRepresents a rotation axis with intervals and maxes. The x and z axis values are defaulted to disabled. The Y axis defaults to on, rotating by 90 degree increments.\n    \nYou can instead specify \"snippet/axis-rotation/some-name.json\" to use a snippet file instead of specifying it here.\n    \n* Default Value is a default object (create this object to see default properties)"
                },
                "yAxis": {
                    "anyOf": [
                        {
                            "!required": false,
                            "type": "object",
                            "$ref": "#/definitions/obj-com-volmit-iris-engine-object-irisaxisrotationclamp",
                            "description": "yAxis\nThe y axis rotation\n   \nAxisRotationClamp (Object)\nRepresents a rotation axis with intervals and maxes. The x and z axis values are defaulted to disabled. The Y axis defaults to on, rotating by 90 degree increments.\n    \nYou can instead specify \"snippet/axis-rotation/some-name.json\" to use a snippet file instead of specifying it here.\n    \n* Default Value is a default object (create this object to see default properties)"
                        },
                        {
                            "type": "string",
                            "$ref": "#/definitions/enum-snippet-axis-rotation",
                            "description": "yAxis\nThe y axis rotation\n   \nAxisRotationClamp (Object)\nRepresents a rotation axis with intervals and maxes. The x and z axis values are defaulted to disabled. The Y axis defaults to on, rotating by 90 degree increments.\n    \nYou can instead specify \"snippet/axis-rotation/some-name.json\" to use a snippet file instead of specifying it here.\n    \n* Default Value is a default object (create this object to see default properties)"
                        }
                    ],
                    "description": "yAxis\nThe y axis rotation\n   \nAxisRotationClamp (Object)\nRepresents a rotation axis with intervals and maxes. The x and z axis values are defaulted to disabled. The Y axis defaults to on, rotating by 90 degree increments.\n    \nYou can instead specify \"snippet/axis-rotation/some-name.json\" to use a snippet file instead of specifying it here.\n    \n* Default Value is a default object (create this object to see default properties)"
                },
                "zAxis": {
                    "anyOf": [
                        {
                            "!required": false,
                            "type": "object",
                            "$ref": "#/definitions/obj-com-volmit-iris-engine-object-irisaxisrotationclamp",
                            "description": "zAxis\nThe z axis rotation\n   \nAxisRotationClamp (Object)\nRepresents a rotation axis with intervals and maxes. The x and z axis values are defaulted to disabled. The Y axis defaults to on, rotating by 90 degree increments.\n    \nYou can instead specify \"snippet/axis-rotation/some-name.json\" to use a snippet file instead of specifying it here.\n    \n* Default Value is a default object (create this object to see default properties)"
                        },
                        {
                            "type": "string",
                            "$ref": "#/definitions/enum-snippet-axis-rotation",
                            "description": "zAxis\nThe z axis rotation\n   \nAxisRotationClamp (Object)\nRepresents a rotation axis with intervals and maxes. The x and z axis values are defaulted to disabled. The Y axis defaults to on, rotating by 90 degree increments.\n    \nYou can instead specify \"snippet/axis-rotation/some-name.json\" to use a snippet file instead of specifying it here.\n    \n* Default Value is a default object (create this object to see default properties)"
                        }
                    ],
                    "description": "zAxis\nThe z axis rotation\n   \nAxisRotationClamp (Object)\nRepresents a rotation axis with intervals and maxes. The x and z axis values are defaulted to disabled. The Y axis defaults to on, rotating by 90 degree increments.\n    \nYou can instead specify \"snippet/axis-rotation/some-name.json\" to use a snippet file instead of specifying it here.\n    \n* Default Value is a default object (create this object to see default properties)"
                }
            }
        },
        {"type": "string"}
    ],
    "definitions": {
        "enum-snippet-axis-rotation": {"enum": []},
        "obj-com-volmit-iris-engine-object-irisaxisrotationclamp": {"anyOf": [
            {
                "description": "Represents a rotation axis with intervals and maxes. The x and z axis values are defaulted to disabled. The Y axis defaults to on, rotating by 90 degree increments.",
                "type": "object",
                "properties": {
                    "enabled": {
                        "type": "boolean",
                        "description": "enabled\nShould this axis be rotated at all?\n   \nBoolean\n\n    \n* Default Value is a default object (create this object to see default properties)"
                    },
                    "min": {
                        "type": "number",
                        "minimum": -360,
                        "maximum": 360,
                        "description": "min\nThe minimum angle (from) or set this and max to zero for any angle degrees. Set both to the same non-zero value to force it to that angle only\n   \nNumber\n\n    \n* Default Value is 0.0\n* Minimum allowed is -360.0\n* Maximum allowed is 360.0"
                    },
                    "max": {
                        "type": "number",
                        "minimum": -360,
                        "maximum": 360,
                        "description": "max\nThe maximum angle (to) or set this and min to zero for any angle degrees. Set both to the same non-zero value to force it to that angle only\n   \nNumber\n\n    \n* Default Value is 0.0\n* Minimum allowed is -360.0\n* Maximum allowed is 360.0"
                    },
                    "interval": {
                        "type": "number",
                        "minimum": 0,
                        "maximum": 360,
                        "description": "interval\nIris spins the axis but not freely. For example an interval of 90 would mean 4 possible angles (right angles) degrees. \nSetting this to 0 means totally free rotation.\n\nNote that a lot of structures can have issues with non 90 degree intervals because the minecraft block resolution is so low.\n   \nNumber\n\n    \n* Default Value is 0.0\n* Minimum allowed is 0.0\n* Maximum allowed is 360.0"
                    }
                }
            },
            {"type": "string"}
        ]}
    }
}
