{
    "$schema": "http://json-schema.org/draft-07/schema#",
    "$id": "https://volmit.com/iris-schema/irisposition.json",
    "anyOf": [
        {
            "description": "Represents a position",
            "type": "object",
            "properties": {
                "x": {
                    "type": "integer",
                    "description": "x\nThe x position\n   \nInteger\n\n    \n* Default Value is 0"
                },
                "y": {
                    "type": "integer",
                    "description": "y\nThe y position\n   \nInteger\n\n    \n* Default Value is 0"
                },
                "z": {
                    "type": "integer",
                    "description": "z\nThe z position\n   \nInteger\n\n    \n* Default Value is 0"
                }
            }
        },
        {"type": "string"}
    ],
    "definitions": {}
}
