{
    "$schema": "http://json-schema.org/draft-07/schema#",
    "$id": "https://volmit.com/iris-schema/irisrange.json",
    "anyOf": [
        {
            "description": "Represents a range",
            "type": "object",
            "properties": {
                "min": {
                    "type": "number",
                    "description": "min\nThe minimum value\n   \nNumber\n\n    \n* Default Value is 16.0"
                },
                "max": {
                    "type": "number",
                    "description": "max\nThe maximum value\n   \nNumber\n\n    \n* Default Value is 32.0"
                }
            }
        },
        {"type": "string"}
    ],
    "definitions": {}
}
