{
    "$schema": "http://json-schema.org/draft-07/schema#",
    "$id": "https://volmit.com/iris-schema/irismodregionreplacer.json",
    "anyOf": [
        {
            "description": "A region replacer",
            "type": "object",
            "properties": {
                "find": {
                    "type": "array",
                    "minItems": 1,
                    "items": {"$ref": "#/definitions/erzregions"},
                    "description": "find\nA list of regions to find\n   \nList<Region>\n\n    \n* Default Value is an empty list\n* At least one entry must be defined, or just remove this list.\nMust be a valid Region (use ctrl+space for auto complete!)"
                },
                "replace": {
                    "type": "string",
                    "$ref": "#/definitions/erzregions",
                    "description": "replace\nA region to replace it with\n   \nIris Region\n\n    \n* Default Value is \nMust be a valid regions (use ctrl+space for auto complete!)"
                }
            }
        },
        {"type": "string"}
    ],
    "definitions": {"erzregions": {"enum": [
        "temperate",
        "frozen",
        "hot"
    ]}}
}
