{
    "$schema": "http://json-schema.org/draft-07/schema#",
    "$id": "https://volmit.com/iris-schema/iristimeblock.json",
    "anyOf": [
        {
            "description": "Represents a time of day (24h time, not 12h am/pm). Set both to the same number for any time. If they are both set to -1, it will always be not allowed.",
            "type": "object",
            "properties": {
                "startHour": {
                    "type": "number",
                    "description": "startHour\nThe beginning hour. Set both to the same number for any time. If they are both set to -1, it will always be not allowed.\n   \nNumber\n\n    \n* Default Value is 0.0"
                },
                "endHour": {
                    "type": "number",
                    "description": "endHour\nThe ending hour. Set both to the same number for any time. If they are both set to -1, it will always be not allowed.\n   \nNumber\n\n    \n* Default Value is 0.0"
                }
            }
        },
        {"type": "string"}
    ],
    "definitions": {}
}
