{
    "$schema": "http://json-schema.org/draft-07/schema#",
    "$id": "https://volmit.com/iris-schema/iristreesettings.json",
    "anyOf": [
        {
            "description": "Tree growth override settings",
            "type": "object",
            "properties": {
                "enabled": {
                    "type": "boolean",
                    "description": "enabled\nTurn replacing on and off\n   \nBoolean\n\n    \n* Default Value is a default object (create this object to see default properties)"
                },
                "mode": {
                    "type": "string",
                    "$ref": "#/definitions/oneof-enum-com-volmit-iris-engine-object-iristreemodes",
                    "description": "mode\nObject picking modes\n   \nTreeModes\nSapling override object picking options\n    \n* Default Value is a default object (create this object to see default properties)\nMust be a valid TreeModes (use ctrl+space for auto complete!)"
                }
            }
        },
        {"type": "string"}
    ],
    "definitions": {"oneof-enum-com-volmit-iris-engine-object-iristreemodes": {"oneOf": [
        {
            "const": "FIRST",
            "description": "Check biome, then region, then dimension, pick the first one that has options"
        },
        {
            "const": "ALL",
            "description": "Check biome, regions, and dimensions, and pick any option from the total list"
        }
    ]}}
}
