{
    "$schema": "http://json-schema.org/draft-07/schema#",
    "$id": "https://volmit.com/iris-schema/iristreesize.json",
    "anyOf": [
        {
            "description": "Sapling override object picking options",
            "type": "object",
            "properties": {
                "width": {
                    "type": "integer",
                    "description": "width\nThe width of the sapling area\n   \nInteger\n\n    \n* Default Value is 1"
                },
                "depth": {
                    "type": "integer",
                    "description": "depth\nThe depth of the sapling area\n   \nInteger\n\n    \n* Default Value is 1"
                }
            }
        },
        {"type": "string"}
    ],
    "definitions": {}
}
