{
    "$schema": "http://json-schema.org/draft-07/schema#",
    "$id": "https://volmit.com/iris-schema/irisvillageroverride.json",
    "anyOf": [
        {
            "description": "Override cartographer map trades with others or disable the trade altogether",
            "type": "object",
            "properties": {
                "disableTrade": {
                    "type": "boolean",
                    "description": "disableTrade\nDisable the trade altogether.\nIf a cartographer villager gets a new explorer map trade:\nIf this is enabled -> the trade is removed\nIf this is disabled -> the trade is replaced with the \"override\" setting below\nDefault is true, so if you omit this, trades will be removed.\n   \nBoolean\n\n    \n* Default Value is a default object (create this object to see default properties)"
                },
                "items": {
                    "type": "array",
                    "minItems": 1,
                    "items": {"$ref": "#/definitions/obj-com-volmit-iris-engine-object-irisvillagertrade"},
                    "description": "items\nThe items to override the cartographer trade with.\nBy default, this is:\n    3 emeralds + 3 glass blocks -> 1 spyglass.\n    Can trade 3 to 5 times\n   \nList of VillagerTrades (Objects)\n\n    \n* Default Value is an empty list\n* At least one entry must be defined, or just remove this list."
                }
            }
        },
        {"type": "string"}
    ],
    "definitions": {
        "enum-org-bukkit-material": {"enum": [
            "AIR",
            "STONE",
            "GRANITE",
            "POLISHED_GRANITE",
            "DIORITE",
            "POLISHED_DIORITE",
            "ANDESITE",
            "POLISHED_ANDESITE",
            "DEEPSLATE",
            "COBBLED_DEEPSLATE",
            "POLISHED_DEEPSLATE",
            "CALCITE",
            "TUFF",
            "DRIPSTONE_BLOCK",
            "GRASS_BLOCK",
            "DIRT",
            "COARSE_DIRT",
            "PODZOL",
            "ROOTED_DIRT",
            "MUD",
            "CRIMSON_NYLIUM",
            "WARPED_NYLIUM",
            "COBBLESTONE",
            "OAK_PLANKS",
            "SPRUCE_PLANKS",
            "BIRCH_PLANKS",
            "JUNGLE_PLANKS",
            "ACACIA_PLANKS",
            "DARK_OAK_PLANKS",
            "MANGROVE_PLANKS",
            "BAMBOO_PLANKS",
            "CRIMSON_PLANKS",
            "WARPED_PLANKS",
            "BAMBOO_MOSAIC",
            "OAK_SAPLING",
            "SPRUCE_SAPLING",
            "BIRCH_SAPLING",
            "JUNGLE_SAPLING",
            "ACACIA_SAPLING",
            "DARK_OAK_SAPLING",
            "MANGROVE_PROPAGULE",
            "BEDROCK",
            "SAND",
            "RED_SAND",
            "GRAVEL",
            "COAL_ORE",
            "DEEPSLATE_COAL_ORE",
            "IRON_ORE",
            "DEEPSLATE_IRON_ORE",
            "COPPER_ORE",
            "DEEPSLATE_COPPER_ORE",
            "GOLD_ORE",
            "DEEPSLATE_GOLD_ORE",
            "REDSTONE_ORE",
            "DEEPSLATE_REDSTONE_ORE",
            "EMERALD_ORE",
            "DEEPSLATE_EMERALD_ORE",
            "LAPIS_ORE",
            "DEEPSLATE_LAPIS_ORE",
            "DIAMOND_ORE",
            "DEEPSLATE_DIAMOND_ORE",
            "NETHER_GOLD_ORE",
            "NETHER_QUARTZ_ORE",
            "ANCIENT_DEBRIS",
            "COAL_BLOCK",
            "RAW_IRON_BLOCK",
            "RAW_COPPER_BLOCK",
            "RAW_GOLD_BLOCK",
            "AMETHYST_BLOCK",
            "BUDDING_AMETHYST",
            "IRON_BLOCK",
            "COPPER_BLOCK",
            "GOLD_BLOCK",
            "DIAMOND_BLOCK",
            "NETHERITE_BLOCK",
            "EXPOSED_COPPER",
            "WEATHERED_COPPER",
            "OXIDIZED_COPPER",
            "CUT_COPPER",
            "EXPOSED_CUT_COPPER",
            "WEATHERED_CUT_COPPER",
            "OXIDIZED_CUT_COPPER",
            "CUT_COPPER_STAIRS",
            "EXPOSED_CUT_COPPER_STAIRS",
            "WEATHERED_CUT_COPPER_STAIRS",
            "OXIDIZED_CUT_COPPER_STAIRS",
            "CUT_COPPER_SLAB",
            "EXPOSED_CUT_COPPER_SLAB",
            "WEATHERED_CUT_COPPER_SLAB",
            "OXIDIZED_CUT_COPPER_SLAB",
            "WAXED_COPPER_BLOCK",
            "WAXED_EXPOSED_COPPER",
            "WAXED_WEATHERED_COPPER",
            "WAXED_OXIDIZED_COPPER",
            "WAXED_CUT_COPPER",
            "WAXED_EXPOSED_CUT_COPPER",
            "WAXED_WEATHERED_CUT_COPPER",
            "WAXED_OXIDIZED_CUT_COPPER",
            "WAXED_CUT_COPPER_STAIRS",
            "WAXED_EXPOSED_CUT_COPPER_STAIRS",
            "WAXED_WEATHERED_CUT_COPPER_STAIRS",
            "WAXED_OXIDIZED_CUT_COPPER_STAIRS",
            "WAXED_CUT_COPPER_SLAB",
            "WAXED_EXPOSED_CUT_COPPER_SLAB",
            "WAXED_WEATHERED_CUT_COPPER_SLAB",
            "WAXED_OXIDIZED_CUT_COPPER_SLAB",
            "OAK_LOG",
            "SPRUCE_LOG",
            "BIRCH_LOG",
            "JUNGLE_LOG",
            "ACACIA_LOG",
            "DARK_OAK_LOG",
            "MANGROVE_LOG",
            "MANGROVE_ROOTS",
            "MUDDY_MANGROVE_ROOTS",
            "CRIMSON_STEM",
            "WARPED_STEM",
            "BAMBOO_BLOCK",
            "STRIPPED_OAK_LOG",
            "STRIPPED_SPRUCE_LOG",
            "STRIPPED_BIRCH_LOG",
            "STRIPPED_JUNGLE_LOG",
            "STRIPPED_ACACIA_LOG",
            "STRIPPED_DARK_OAK_LOG",
            "STRIPPED_MANGROVE_LOG",
            "STRIPPED_CRIMSON_STEM",
            "STRIPPED_WARPED_STEM",
            "STRIPPED_OAK_WOOD",
            "STRIPPED_SPRUCE_WOOD",
            "STRIPPED_BIRCH_WOOD",
            "STRIPPED_JUNGLE_WOOD",
            "STRIPPED_ACACIA_WOOD",
            "STRIPPED_DARK_OAK_WOOD",
            "STRIPPED_MANGROVE_WOOD",
            "STRIPPED_CRIMSON_HYPHAE",
            "STRIPPED_WARPED_HYPHAE",
            "STRIPPED_BAMBOO_BLOCK",
            "OAK_WOOD",
            "SPRUCE_WOOD",
            "BIRCH_WOOD",
            "JUNGLE_WOOD",
            "ACACIA_WOOD",
            "DARK_OAK_WOOD",
            "MANGROVE_WOOD",
            "CRIMSON_HYPHAE",
            "WARPED_HYPHAE",
            "OAK_LEAVES",
            "SPRUCE_LEAVES",
            "BIRCH_LEAVES",
            "JUNGLE_LEAVES",
            "ACACIA_LEAVES",
            "DARK_OAK_LEAVES",
            "MANGROVE_LEAVES",
            "AZALEA_LEAVES",
            "FLOWERING_AZALEA_LEAVES",
            "SPONGE",
            "WET_SPONGE",
            "GLASS",
            "TINTED_GLASS",
            "LAPIS_BLOCK",
            "SANDSTONE",
            "CHISELED_SANDSTONE",
            "CUT_SANDSTONE",
            "COBWEB",
            "GRASS",
            "FERN",
            "AZALEA",
            "FLOWERING_AZALEA",
            "DEAD_BUSH",
            "SEAGRASS",
            "SEA_PICKLE",
            "WHITE_WOOL",
            "ORANGE_WOOL",
            "MAGENTA_WOOL",
            "LIGHT_BLUE_WOOL",
            "YELLOW_WOOL",
            "LIME_WOOL",
            "PINK_WOOL",
            "GRAY_WOOL",
            "LIGHT_GRAY_WOOL",
            "CYAN_WOOL",
            "PURPLE_WOOL",
            "BLUE_WOOL",
            "BROWN_WOOL",
            "GREEN_WOOL",
            "RED_WOOL",
            "BLACK_WOOL",
            "DANDELION",
            "POPPY",
            "BLUE_ORCHID",
            "ALLIUM",
            "AZURE_BLUET",
            "RED_TULIP",
            "ORANGE_TULIP",
            "WHITE_TULIP",
            "PINK_TULIP",
            "OXEYE_DAISY",
            "CORNFLOWER",
            "LILY_OF_THE_VALLEY",
            "WITHER_ROSE",
            "SPORE_BLOSSOM",
            "BROWN_MUSHROOM",
            "RED_MUSHROOM",
            "CRIMSON_FUNGUS",
            "WARPED_FUNGUS",
            "CRIMSON_ROOTS",
            "WARPED_ROOTS",
            "NETHER_SPROUTS",
            "WEEPING_VINES",
            "TWISTING_VINES",
            "SUGAR_CANE",
            "KELP",
            "MOSS_CARPET",
            "MOSS_BLOCK",
            "HANGING_ROOTS",
            "BIG_DRIPLEAF",
            "SMALL_DRIPLEAF",
            "BAMBOO",
            "OAK_SLAB",
            "SPRUCE_SLAB",
            "BIRCH_SLAB",
            "JUNGLE_SLAB",
            "ACACIA_SLAB",
            "DARK_OAK_SLAB",
            "MANGROVE_SLAB",
            "BAMBOO_SLAB",
            "BAMBOO_MOSAIC_SLAB",
            "CRIMSON_SLAB",
            "WARPED_SLAB",
            "STONE_SLAB",
            "SMOOTH_STONE_SLAB",
            "SANDSTONE_SLAB",
            "CUT_SANDSTONE_SLAB",
            "PETRIFIED_OAK_SLAB",
            "COBBLESTONE_SLAB",
            "BRICK_SLAB",
            "STONE_BRICK_SLAB",
            "MUD_BRICK_SLAB",
            "NETHER_BRICK_SLAB",
            "QUARTZ_SLAB",
            "RED_SANDSTONE_SLAB",
            "CUT_RED_SANDSTONE_SLAB",
            "PURPUR_SLAB",
            "PRISMARINE_SLAB",
            "PRISMARINE_BRICK_SLAB",
            "DARK_PRISMARINE_SLAB",
            "SMOOTH_QUARTZ",
            "SMOOTH_RED_SANDSTONE",
            "SMOOTH_SANDSTONE",
            "SMOOTH_STONE",
            "BRICKS",
            "BOOKSHELF",
            "CHISELED_BOOKSHELF",
            "MOSSY_COBBLESTONE",
            "OBSIDIAN",
            "TORCH",
            "END_ROD",
            "CHORUS_PLANT",
            "CHORUS_FLOWER",
            "PURPUR_BLOCK",
            "PURPUR_PILLAR",
            "PURPUR_STAIRS",
            "SPAWNER",
            "CHEST",
            "CRAFTING_TABLE",
            "FARMLAND",
            "FURNACE",
            "LADDER",
            "COBBLESTONE_STAIRS",
            "SNOW",
            "ICE",
            "SNOW_BLOCK",
            "CACTUS",
            "CLAY",
            "JUKEBOX",
            "OAK_FENCE",
            "SPRUCE_FENCE",
            "BIRCH_FENCE",
            "JUNGLE_FENCE",
            "ACACIA_FENCE",
            "DARK_OAK_FENCE",
            "MANGROVE_FENCE",
            "BAMBOO_FENCE",
            "CRIMSON_FENCE",
            "WARPED_FENCE",
            "PUMPKIN",
            "CARVED_PUMPKIN",
            "JACK_O_LANTERN",
            "NETHERRACK",
            "SOUL_SAND",
            "SOUL_SOIL",
            "BASALT",
            "POLISHED_BASALT",
            "SMOOTH_BASALT",
            "SOUL_TORCH",
            "GLOWSTONE",
            "INFESTED_STONE",
            "INFESTED_COBBLESTONE",
            "INFESTED_STONE_BRICKS",
            "INFESTED_MOSSY_STONE_BRICKS",
            "INFESTED_CRACKED_STONE_BRICKS",
            "INFESTED_CHISELED_STONE_BRICKS",
            "INFESTED_DEEPSLATE",
            "STONE_BRICKS",
            "MOSSY_STONE_BRICKS",
            "CRACKED_STONE_BRICKS",
            "CHISELED_STONE_BRICKS",
            "PACKED_MUD",
            "MUD_BRICKS",
            "DEEPSLATE_BRICKS",
            "CRACKED_DEEPSLATE_BRICKS",
            "DEEPSLATE_TILES",
            "CRACKED_DEEPSLATE_TILES",
            "CHISELED_DEEPSLATE",
            "REINFORCED_DEEPSLATE",
            "BROWN_MUSHROOM_BLOCK",
            "RED_MUSHROOM_BLOCK",
            "MUSHROOM_STEM",
            "IRON_BARS",
            "CHAIN",
            "GLASS_PANE",
            "MELON",
            "VINE",
            "GLOW_LICHEN",
            "BRICK_STAIRS",
            "STONE_BRICK_STAIRS",
            "MUD_BRICK_STAIRS",
            "MYCELIUM",
            "LILY_PAD",
            "NETHER_BRICKS",
            "CRACKED_NETHER_BRICKS",
            "CHISELED_NETHER_BRICKS",
            "NETHER_BRICK_FENCE",
            "NETHER_BRICK_STAIRS",
            "SCULK",
            "SCULK_VEIN",
            "SCULK_CATALYST",
            "SCULK_SHRIEKER",
            "ENCHANTING_TABLE",
            "END_PORTAL_FRAME",
            "END_STONE",
            "END_STONE_BRICKS",
            "DRAGON_EGG",
            "SANDSTONE_STAIRS",
            "ENDER_CHEST",
            "EMERALD_BLOCK",
            "OAK_STAIRS",
            "SPRUCE_STAIRS",
            "BIRCH_STAIRS",
            "JUNGLE_STAIRS",
            "ACACIA_STAIRS",
            "DARK_OAK_STAIRS",
            "MANGROVE_STAIRS",
            "BAMBOO_STAIRS",
            "BAMBOO_MOSAIC_STAIRS",
            "CRIMSON_STAIRS",
            "WARPED_STAIRS",
            "COMMAND_BLOCK",
            "BEACON",
            "COBBLESTONE_WALL",
            "MOSSY_COBBLESTONE_WALL",
            "BRICK_WALL",
            "PRISMARINE_WALL",
            "RED_SANDSTONE_WALL",
            "MOSSY_STONE_BRICK_WALL",
            "GRANITE_WALL",
            "STONE_BRICK_WALL",
            "MUD_BRICK_WALL",
            "NETHER_BRICK_WALL",
            "ANDESITE_WALL",
            "RED_NETHER_BRICK_WALL",
            "SANDSTONE_WALL",
            "END_STONE_BRICK_WALL",
            "DIORITE_WALL",
            "BLACKSTONE_WALL",
            "POLISHED_BLACKSTONE_WALL",
            "POLISHED_BLACKSTONE_BRICK_WALL",
            "COBBLED_DEEPSLATE_WALL",
            "POLISHED_DEEPSLATE_WALL",
            "DEEPSLATE_BRICK_WALL",
            "DEEPSLATE_TILE_WALL",
            "ANVIL",
            "CHIPPED_ANVIL",
            "DAMAGED_ANVIL",
            "CHISELED_QUARTZ_BLOCK",
            "QUARTZ_BLOCK",
            "QUARTZ_BRICKS",
            "QUARTZ_PILLAR",
            "QUARTZ_STAIRS",
            "WHITE_TERRACOTTA",
            "ORANGE_TERRACOTTA",
            "MAGENTA_TERRACOTTA",
            "LIGHT_BLUE_TERRACOTTA",
            "YELLOW_TERRACOTTA",
            "LIME_TERRACOTTA",
            "PINK_TERRACOTTA",
            "GRAY_TERRACOTTA",
            "LIGHT_GRAY_TERRACOTTA",
            "CYAN_TERRACOTTA",
            "PURPLE_TERRACOTTA",
            "BLUE_TERRACOTTA",
            "BROWN_TERRACOTTA",
            "GREEN_TERRACOTTA",
            "RED_TERRACOTTA",
            "BLACK_TERRACOTTA",
            "BARRIER",
            "LIGHT",
            "HAY_BLOCK",
            "WHITE_CARPET",
            "ORANGE_CARPET",
            "MAGENTA_CARPET",
            "LIGHT_BLUE_CARPET",
            "YELLOW_CARPET",
            "LIME_CARPET",
            "PINK_CARPET",
            "GRAY_CARPET",
            "LIGHT_GRAY_CARPET",
            "CYAN_CARPET",
            "PURPLE_CARPET",
            "BLUE_CARPET",
            "BROWN_CARPET",
            "GREEN_CARPET",
            "RED_CARPET",
            "BLACK_CARPET",
            "TERRACOTTA",
            "PACKED_ICE",
            "DIRT_PATH",
            "SUNFLOWER",
            "LILAC",
            "ROSE_BUSH",
            "PEONY",
            "TALL_GRASS",
            "LARGE_FERN",
            "WHITE_STAINED_GLASS",
            "ORANGE_STAINED_GLASS",
            "MAGENTA_STAINED_GLASS",
            "LIGHT_BLUE_STAINED_GLASS",
            "YELLOW_STAINED_GLASS",
            "LIME_STAINED_GLASS",
            "PINK_STAINED_GLASS",
            "GRAY_STAINED_GLASS",
            "LIGHT_GRAY_STAINED_GLASS",
            "CYAN_STAINED_GLASS",
            "PURPLE_STAINED_GLASS",
            "BLUE_STAINED_GLASS",
            "BROWN_STAINED_GLASS",
            "GREEN_STAINED_GLASS",
            "RED_STAINED_GLASS",
            "BLACK_STAINED_GLASS",
            "WHITE_STAINED_GLASS_PANE",
            "ORANGE_STAINED_GLASS_PANE",
            "MAGENTA_STAINED_GLASS_PANE",
            "LIGHT_BLUE_STAINED_GLASS_PANE",
            "YELLOW_STAINED_GLASS_PANE",
            "LIME_STAINED_GLASS_PANE",
            "PINK_STAINED_GLASS_PANE",
            "GRAY_STAINED_GLASS_PANE",
            "LIGHT_GRAY_STAINED_GLASS_PANE",
            "CYAN_STAINED_GLASS_PANE",
            "PURPLE_STAINED_GLASS_PANE",
            "BLUE_STAINED_GLASS_PANE",
            "BROWN_STAINED_GLASS_PANE",
            "GREEN_STAINED_GLASS_PANE",
            "RED_STAINED_GLASS_PANE",
            "BLACK_STAINED_GLASS_PANE",
            "PRISMARINE",
            "PRISMARINE_BRICKS",
            "DARK_PRISMARINE",
            "PRISMARINE_STAIRS",
            "PRISMARINE_BRICK_STAIRS",
            "DARK_PRISMARINE_STAIRS",
            "SEA_LANTERN",
            "RED_SANDSTONE",
            "CHISELED_RED_SANDSTONE",
            "CUT_RED_SANDSTONE",
            "RED_SANDSTONE_STAIRS",
            "REPEATING_COMMAND_BLOCK",
            "CHAIN_COMMAND_BLOCK",
            "MAGMA_BLOCK",
            "NETHER_WART_BLOCK",
            "WARPED_WART_BLOCK",
            "RED_NETHER_BRICKS",
            "BONE_BLOCK",
            "STRUCTURE_VOID",
            "SHULKER_BOX",
            "WHITE_SHULKER_BOX",
            "ORANGE_SHULKER_BOX",
            "MAGENTA_SHULKER_BOX",
            "LIGHT_BLUE_SHULKER_BOX",
            "YELLOW_SHULKER_BOX",
            "LIME_SHULKER_BOX",
            "PINK_SHULKER_BOX",
            "GRAY_SHULKER_BOX",
            "LIGHT_GRAY_SHULKER_BOX",
            "CYAN_SHULKER_BOX",
            "PURPLE_SHULKER_BOX",
            "BLUE_SHULKER_BOX",
            "BROWN_SHULKER_BOX",
            "GREEN_SHULKER_BOX",
            "RED_SHULKER_BOX",
            "BLACK_SHULKER_BOX",
            "WHITE_GLAZED_TERRACOTTA",
            "ORANGE_GLAZED_TERRACOTTA",
            "MAGENTA_GLAZED_TERRACOTTA",
            "LIGHT_BLUE_GLAZED_TERRACOTTA",
            "YELLOW_GLAZED_TERRACOTTA",
            "LIME_GLAZED_TERRACOTTA",
            "PINK_GLAZED_TERRACOTTA",
            "GRAY_GLAZED_TERRACOTTA",
            "LIGHT_GRAY_GLAZED_TERRACOTTA",
            "CYAN_GLAZED_TERRACOTTA",
            "PURPLE_GLAZED_TERRACOTTA",
            "BLUE_GLAZED_TERRACOTTA",
            "BROWN_GLAZED_TERRACOTTA",
            "GREEN_GLAZED_TERRACOTTA",
            "RED_GLAZED_TERRACOTTA",
            "BLACK_GLAZED_TERRACOTTA",
            "WHITE_CONCRETE",
            "ORANGE_CONCRETE",
            "MAGENTA_CONCRETE",
            "LIGHT_BLUE_CONCRETE",
            "YELLOW_CONCRETE",
            "LIME_CONCRETE",
            "PINK_CONCRETE",
            "GRAY_CONCRETE",
            "LIGHT_GRAY_CONCRETE",
            "CYAN_CONCRETE",
            "PURPLE_CONCRETE",
            "BLUE_CONCRETE",
            "BROWN_CONCRETE",
            "GREEN_CONCRETE",
            "RED_CONCRETE",
            "BLACK_CONCRETE",
            "WHITE_CONCRETE_POWDER",
            "ORANGE_CONCRETE_POWDER",
            "MAGENTA_CONCRETE_POWDER",
            "LIGHT_BLUE_CONCRETE_POWDER",
            "YELLOW_CONCRETE_POWDER",
            "LIME_CONCRETE_POWDER",
            "PINK_CONCRETE_POWDER",
            "GRAY_CONCRETE_POWDER",
            "LIGHT_GRAY_CONCRETE_POWDER",
            "CYAN_CONCRETE_POWDER",
            "PURPLE_CONCRETE_POWDER",
            "BLUE_CONCRETE_POWDER",
            "BROWN_CONCRETE_POWDER",
            "GREEN_CONCRETE_POWDER",
            "RED_CONCRETE_POWDER",
            "BLACK_CONCRETE_POWDER",
            "TURTLE_EGG",
            "DEAD_TUBE_CORAL_BLOCK",
            "DEAD_BRAIN_CORAL_BLOCK",
            "DEAD_BUBBLE_CORAL_BLOCK",
            "DEAD_FIRE_CORAL_BLOCK",
            "DEAD_HORN_CORAL_BLOCK",
            "TUBE_CORAL_BLOCK",
            "BRAIN_CORAL_BLOCK",
            "BUBBLE_CORAL_BLOCK",
            "FIRE_CORAL_BLOCK",
            "HORN_CORAL_BLOCK",
            "TUBE_CORAL",
            "BRAIN_CORAL",
            "BUBBLE_CORAL",
            "FIRE_CORAL",
            "HORN_CORAL",
            "DEAD_BRAIN_CORAL",
            "DEAD_BUBBLE_CORAL",
            "DEAD_FIRE_CORAL",
            "DEAD_HORN_CORAL",
            "DEAD_TUBE_CORAL",
            "TUBE_CORAL_FAN",
            "BRAIN_CORAL_FAN",
            "BUBBLE_CORAL_FAN",
            "FIRE_CORAL_FAN",
            "HORN_CORAL_FAN",
            "DEAD_TUBE_CORAL_FAN",
            "DEAD_BRAIN_CORAL_FAN",
            "DEAD_BUBBLE_CORAL_FAN",
            "DEAD_FIRE_CORAL_FAN",
            "DEAD_HORN_CORAL_FAN",
            "BLUE_ICE",
            "CONDUIT",
            "POLISHED_GRANITE_STAIRS",
            "SMOOTH_RED_SANDSTONE_STAIRS",
            "MOSSY_STONE_BRICK_STAIRS",
            "POLISHED_DIORITE_STAIRS",
            "MOSSY_COBBLESTONE_STAIRS",
            "END_STONE_BRICK_STAIRS",
            "STONE_STAIRS",
            "SMOOTH_SANDSTONE_STAIRS",
            "SMOOTH_QUARTZ_STAIRS",
            "GRANITE_STAIRS",
            "ANDESITE_STAIRS",
            "RED_NETHER_BRICK_STAIRS",
            "POLISHED_ANDESITE_STAIRS",
            "DIORITE_STAIRS",
            "COBBLED_DEEPSLATE_STAIRS",
            "POLISHED_DEEPSLATE_STAIRS",
            "DEEPSLATE_BRICK_STAIRS",
            "DEEPSLATE_TILE_STAIRS",
            "POLISHED_GRANITE_SLAB",
            "SMOOTH_RED_SANDSTONE_SLAB",
            "MOSSY_STONE_BRICK_SLAB",
            "POLISHED_DIORITE_SLAB",
            "MOSSY_COBBLESTONE_SLAB",
            "END_STONE_BRICK_SLAB",
            "SMOOTH_SANDSTONE_SLAB",
            "SMOOTH_QUARTZ_SLAB",
            "GRANITE_SLAB",
            "ANDESITE_SLAB",
            "RED_NETHER_BRICK_SLAB",
            "POLISHED_ANDESITE_SLAB",
            "DIORITE_SLAB",
            "COBBLED_DEEPSLATE_SLAB",
            "POLISHED_DEEPSLATE_SLAB",
            "DEEPSLATE_BRICK_SLAB",
            "DEEPSLATE_TILE_SLAB",
            "SCAFFOLDING",
            "REDSTONE",
            "REDSTONE_TORCH",
            "REDSTONE_BLOCK",
            "REPEATER",
            "COMPARATOR",
            "PISTON",
            "STICKY_PISTON",
            "SLIME_BLOCK",
            "HONEY_BLOCK",
            "OBSERVER",
            "HOPPER",
            "DISPENSER",
            "DROPPER",
            "LECTERN",
            "TARGET",
            "LEVER",
            "LIGHTNING_ROD",
            "DAYLIGHT_DETECTOR",
            "SCULK_SENSOR",
            "TRIPWIRE_HOOK",
            "TRAPPED_CHEST",
            "TNT",
            "REDSTONE_LAMP",
            "NOTE_BLOCK",
            "STONE_BUTTON",
            "POLISHED_BLACKSTONE_BUTTON",
            "OAK_BUTTON",
            "SPRUCE_BUTTON",
            "BIRCH_BUTTON",
            "JUNGLE_BUTTON",
            "ACACIA_BUTTON",
            "DARK_OAK_BUTTON",
            "MANGROVE_BUTTON",
            "BAMBOO_BUTTON",
            "CRIMSON_BUTTON",
            "WARPED_BUTTON",
            "STONE_PRESSURE_PLATE",
            "POLISHED_BLACKSTONE_PRESSURE_PLATE",
            "LIGHT_WEIGHTED_PRESSURE_PLATE",
            "HEAVY_WEIGHTED_PRESSURE_PLATE",
            "OAK_PRESSURE_PLATE",
            "SPRUCE_PRESSURE_PLATE",
            "BIRCH_PRESSURE_PLATE",
            "JUNGLE_PRESSURE_PLATE",
            "ACACIA_PRESSURE_PLATE",
            "DARK_OAK_PRESSURE_PLATE",
            "MANGROVE_PRESSURE_PLATE",
            "BAMBOO_PRESSURE_PLATE",
            "CRIMSON_PRESSURE_PLATE",
            "WARPED_PRESSURE_PLATE",
            "IRON_DOOR",
            "OAK_DOOR",
            "SPRUCE_DOOR",
            "BIRCH_DOOR",
            "JUNGLE_DOOR",
            "ACACIA_DOOR",
            "DARK_OAK_DOOR",
            "MANGROVE_DOOR",
            "BAMBOO_DOOR",
            "CRIMSON_DOOR",
            "WARPED_DOOR",
            "IRON_TRAPDOOR",
            "OAK_TRAPDOOR",
            "SPRUCE_TRAPDOOR",
            "BIRCH_TRAPDOOR",
            "JUNGLE_TRAPDOOR",
            "ACACIA_TRAPDOOR",
            "DARK_OAK_TRAPDOOR",
            "MANGROVE_TRAPDOOR",
            "BAMBOO_TRAPDOOR",
            "CRIMSON_TRAPDOOR",
            "WARPED_TRAPDOOR",
            "OAK_FENCE_GATE",
            "SPRUCE_FENCE_GATE",
            "BIRCH_FENCE_GATE",
            "JUNGLE_FENCE_GATE",
            "ACACIA_FENCE_GATE",
            "DARK_OAK_FENCE_GATE",
            "MANGROVE_FENCE_GATE",
            "BAMBOO_FENCE_GATE",
            "CRIMSON_FENCE_GATE",
            "WARPED_FENCE_GATE",
            "POWERED_RAIL",
            "DETECTOR_RAIL",
            "RAIL",
            "ACTIVATOR_RAIL",
            "SADDLE",
            "MINECART",
            "CHEST_MINECART",
            "FURNACE_MINECART",
            "TNT_MINECART",
            "HOPPER_MINECART",
            "CARROT_ON_A_STICK",
            "WARPED_FUNGUS_ON_A_STICK",
            "ELYTRA",
            "OAK_BOAT",
            "OAK_CHEST_BOAT",
            "SPRUCE_BOAT",
            "SPRUCE_CHEST_BOAT",
            "BIRCH_BOAT",
            "BIRCH_CHEST_BOAT",
            "JUNGLE_BOAT",
            "JUNGLE_CHEST_BOAT",
            "ACACIA_BOAT",
            "ACACIA_CHEST_BOAT",
            "DARK_OAK_BOAT",
            "DARK_OAK_CHEST_BOAT",
            "MANGROVE_BOAT",
            "MANGROVE_CHEST_BOAT",
            "BAMBOO_RAFT",
            "BAMBOO_CHEST_RAFT",
            "STRUCTURE_BLOCK",
            "JIGSAW",
            "TURTLE_HELMET",
            "SCUTE",
            "FLINT_AND_STEEL",
            "APPLE",
            "BOW",
            "ARROW",
            "COAL",
            "CHARCOAL",
            "DIAMOND",
            "EMERALD",
            "LAPIS_LAZULI",
            "QUARTZ",
            "AMETHYST_SHARD",
            "RAW_IRON",
            "IRON_INGOT",
            "RAW_COPPER",
            "COPPER_INGOT",
            "RAW_GOLD",
            "GOLD_INGOT",
            "NETHERITE_INGOT",
            "NETHERITE_SCRAP",
            "WOODEN_SWORD",
            "WOODEN_SHOVEL",
            "WOODEN_PICKAXE",
            "WOODEN_AXE",
            "WOODEN_HOE",
            "STONE_SWORD",
            "STONE_SHOVEL",
            "STONE_PICKAXE",
            "STONE_AXE",
            "STONE_HOE",
            "GOLDEN_SWORD",
            "GOLDEN_SHOVEL",
            "GOLDEN_PICKAXE",
            "GOLDEN_AXE",
            "GOLDEN_HOE",
            "IRON_SWORD",
            "IRON_SHOVEL",
            "IRON_PICKAXE",
            "IRON_AXE",
            "IRON_HOE",
            "DIAMOND_SWORD",
            "DIAMOND_SHOVEL",
            "DIAMOND_PICKAXE",
            "DIAMOND_AXE",
            "DIAMOND_HOE",
            "NETHERITE_SWORD",
            "NETHERITE_SHOVEL",
            "NETHERITE_PICKAXE",
            "NETHERITE_AXE",
            "NETHERITE_HOE",
            "STICK",
            "BOWL",
            "MUSHROOM_STEW",
            "STRING",
            "FEATHER",
            "GUNPOWDER",
            "WHEAT_SEEDS",
            "WHEAT",
            "BREAD",
            "LEATHER_HELMET",
            "LEATHER_CHESTPLATE",
            "LEATHER_LEGGINGS",
            "LEATHER_BOOTS",
            "CHAINMAIL_HELMET",
            "CHAINMAIL_CHESTPLATE",
            "CHAINMAIL_LEGGINGS",
            "CHAINMAIL_BOOTS",
            "IRON_HELMET",
            "IRON_CHESTPLATE",
            "IRON_LEGGINGS",
            "IRON_BOOTS",
            "DIAMOND_HELMET",
            "DIAMOND_CHESTPLATE",
            "DIAMOND_LEGGINGS",
            "DIAMOND_BOOTS",
            "GOLDEN_HELMET",
            "GOLDEN_CHESTPLATE",
            "GOLDEN_LEGGINGS",
            "GOLDEN_BOOTS",
            "NETHERITE_HELMET",
            "NETHERITE_CHESTPLATE",
            "NETHERITE_LEGGINGS",
            "NETHERITE_BOOTS",
            "FLINT",
            "PORKCHOP",
            "COOKED_PORKCHOP",
            "PAINTING",
            "GOLDEN_APPLE",
            "ENCHANTED_GOLDEN_APPLE",
            "OAK_SIGN",
            "SPRUCE_SIGN",
            "BIRCH_SIGN",
            "JUNGLE_SIGN",
            "ACACIA_SIGN",
            "DARK_OAK_SIGN",
            "MANGROVE_SIGN",
            "BAMBOO_SIGN",
            "CRIMSON_SIGN",
            "WARPED_SIGN",
            "OAK_HANGING_SIGN",
            "SPRUCE_HANGING_SIGN",
            "BIRCH_HANGING_SIGN",
            "JUNGLE_HANGING_SIGN",
            "ACACIA_HANGING_SIGN",
            "DARK_OAK_HANGING_SIGN",
            "MANGROVE_HANGING_SIGN",
            "BAMBOO_HANGING_SIGN",
            "CRIMSON_HANGING_SIGN",
            "WARPED_HANGING_SIGN",
            "BUCKET",
            "WATER_BUCKET",
            "LAVA_BUCKET",
            "POWDER_SNOW_BUCKET",
            "SNOWBALL",
            "LEATHER",
            "MILK_BUCKET",
            "PUFFERFISH_BUCKET",
            "SALMON_BUCKET",
            "COD_BUCKET",
            "TROPICAL_FISH_BUCKET",
            "AXOLOTL_BUCKET",
            "TADPOLE_BUCKET",
            "BRICK",
            "CLAY_BALL",
            "DRIED_KELP_BLOCK",
            "PAPER",
            "BOOK",
            "SLIME_BALL",
            "EGG",
            "COMPASS",
            "RECOVERY_COMPASS",
            "BUNDLE",
            "FISHING_ROD",
            "CLOCK",
            "SPYGLASS",
            "GLOWSTONE_DUST",
            "COD",
            "SALMON",
            "TROPICAL_FISH",
            "PUFFERFISH",
            "COOKED_COD",
            "COOKED_SALMON",
            "INK_SAC",
            "GLOW_INK_SAC",
            "COCOA_BEANS",
            "WHITE_DYE",
            "ORANGE_DYE",
            "MAGENTA_DYE",
            "LIGHT_BLUE_DYE",
            "YELLOW_DYE",
            "LIME_DYE",
            "PINK_DYE",
            "GRAY_DYE",
            "LIGHT_GRAY_DYE",
            "CYAN_DYE",
            "PURPLE_DYE",
            "BLUE_DYE",
            "BROWN_DYE",
            "GREEN_DYE",
            "RED_DYE",
            "BLACK_DYE",
            "BONE_MEAL",
            "BONE",
            "SUGAR",
            "CAKE",
            "WHITE_BED",
            "ORANGE_BED",
            "MAGENTA_BED",
            "LIGHT_BLUE_BED",
            "YELLOW_BED",
            "LIME_BED",
            "PINK_BED",
            "GRAY_BED",
            "LIGHT_GRAY_BED",
            "CYAN_BED",
            "PURPLE_BED",
            "BLUE_BED",
            "BROWN_BED",
            "GREEN_BED",
            "RED_BED",
            "BLACK_BED",
            "COOKIE",
            "FILLED_MAP",
            "SHEARS",
            "MELON_SLICE",
            "DRIED_KELP",
            "PUMPKIN_SEEDS",
            "MELON_SEEDS",
            "BEEF",
            "COOKED_BEEF",
            "CHICKEN",
            "COOKED_CHICKEN",
            "ROTTEN_FLESH",
            "ENDER_PEARL",
            "BLAZE_ROD",
            "GHAST_TEAR",
            "GOLD_NUGGET",
            "NETHER_WART",
            "POTION",
            "GLASS_BOTTLE",
            "SPIDER_EYE",
            "FERMENTED_SPIDER_EYE",
            "BLAZE_POWDER",
            "MAGMA_CREAM",
            "BREWING_STAND",
            "CAULDRON",
            "ENDER_EYE",
            "GLISTERING_MELON_SLICE",
            "ALLAY_SPAWN_EGG",
            "AXOLOTL_SPAWN_EGG",
            "BAT_SPAWN_EGG",
            "BEE_SPAWN_EGG",
            "BLAZE_SPAWN_EGG",
            "CAT_SPAWN_EGG",
            "CAMEL_SPAWN_EGG",
            "CAVE_SPIDER_SPAWN_EGG",
            "CHICKEN_SPAWN_EGG",
            "COD_SPAWN_EGG",
            "COW_SPAWN_EGG",
            "CREEPER_SPAWN_EGG",
            "DOLPHIN_SPAWN_EGG",
            "DONKEY_SPAWN_EGG",
            "DROWNED_SPAWN_EGG",
            "ELDER_GUARDIAN_SPAWN_EGG",
            "ENDER_DRAGON_SPAWN_EGG",
            "ENDERMAN_SPAWN_EGG",
            "ENDERMITE_SPAWN_EGG",
            "EVOKER_SPAWN_EGG",
            "FOX_SPAWN_EGG",
            "FROG_SPAWN_EGG",
            "GHAST_SPAWN_EGG",
            "GLOW_SQUID_SPAWN_EGG",
            "GOAT_SPAWN_EGG",
            "GUARDIAN_SPAWN_EGG",
            "HOGLIN_SPAWN_EGG",
            "HORSE_SPAWN_EGG",
            "HUSK_SPAWN_EGG",
            "IRON_GOLEM_SPAWN_EGG",
            "LLAMA_SPAWN_EGG",
            "MAGMA_CUBE_SPAWN_EGG",
            "MOOSHROOM_SPAWN_EGG",
            "MULE_SPAWN_EGG",
            "OCELOT_SPAWN_EGG",
            "PANDA_SPAWN_EGG",
            "PARROT_SPAWN_EGG",
            "PHANTOM_SPAWN_EGG",
            "PIG_SPAWN_EGG",
            "PIGLIN_SPAWN_EGG",
            "PIGLIN_BRUTE_SPAWN_EGG",
            "PILLAGER_SPAWN_EGG",
            "POLAR_BEAR_SPAWN_EGG",
            "PUFFERFISH_SPAWN_EGG",
            "RABBIT_SPAWN_EGG",
            "RAVAGER_SPAWN_EGG",
            "SALMON_SPAWN_EGG",
            "SHEEP_SPAWN_EGG",
            "SHULKER_SPAWN_EGG",
            "SILVERFISH_SPAWN_EGG",
            "SKELETON_SPAWN_EGG",
            "SKELETON_HORSE_SPAWN_EGG",
            "SLIME_SPAWN_EGG",
            "SNOW_GOLEM_SPAWN_EGG",
            "SPIDER_SPAWN_EGG",
            "SQUID_SPAWN_EGG",
            "STRAY_SPAWN_EGG",
            "STRIDER_SPAWN_EGG",
            "TADPOLE_SPAWN_EGG",
            "TRADER_LLAMA_SPAWN_EGG",
            "TROPICAL_FISH_SPAWN_EGG",
            "TURTLE_SPAWN_EGG",
            "VEX_SPAWN_EGG",
            "VILLAGER_SPAWN_EGG",
            "VINDICATOR_SPAWN_EGG",
            "WANDERING_TRADER_SPAWN_EGG",
            "WARDEN_SPAWN_EGG",
            "WITCH_SPAWN_EGG",
            "WITHER_SPAWN_EGG",
            "WITHER_SKELETON_SPAWN_EGG",
            "WOLF_SPAWN_EGG",
            "ZOGLIN_SPAWN_EGG",
            "ZOMBIE_SPAWN_EGG",
            "ZOMBIE_HORSE_SPAWN_EGG",
            "ZOMBIE_VILLAGER_SPAWN_EGG",
            "ZOMBIFIED_PIGLIN_SPAWN_EGG",
            "EXPERIENCE_BOTTLE",
            "FIRE_CHARGE",
            "WRITABLE_BOOK",
            "WRITTEN_BOOK",
            "ITEM_FRAME",
            "GLOW_ITEM_FRAME",
            "FLOWER_POT",
            "CARROT",
            "POTATO",
            "BAKED_POTATO",
            "POISONOUS_POTATO",
            "MAP",
            "GOLDEN_CARROT",
            "SKELETON_SKULL",
            "WITHER_SKELETON_SKULL",
            "PLAYER_HEAD",
            "ZOMBIE_HEAD",
            "CREEPER_HEAD",
            "DRAGON_HEAD",
            "PIGLIN_HEAD",
            "NETHER_STAR",
            "PUMPKIN_PIE",
            "FIREWORK_ROCKET",
            "FIREWORK_STAR",
            "ENCHANTED_BOOK",
            "NETHER_BRICK",
            "PRISMARINE_SHARD",
            "PRISMARINE_CRYSTALS",
            "RABBIT",
            "COOKED_RABBIT",
            "RABBIT_STEW",
            "RABBIT_FOOT",
            "RABBIT_HIDE",
            "ARMOR_STAND",
            "IRON_HORSE_ARMOR",
            "GOLDEN_HORSE_ARMOR",
            "DIAMOND_HORSE_ARMOR",
            "LEATHER_HORSE_ARMOR",
            "LEAD",
            "NAME_TAG",
            "COMMAND_BLOCK_MINECART",
            "MUTTON",
            "COOKED_MUTTON",
            "WHITE_BANNER",
            "ORANGE_BANNER",
            "MAGENTA_BANNER",
            "LIGHT_BLUE_BANNER",
            "YELLOW_BANNER",
            "LIME_BANNER",
            "PINK_BANNER",
            "GRAY_BANNER",
            "LIGHT_GRAY_BANNER",
            "CYAN_BANNER",
            "PURPLE_BANNER",
            "BLUE_BANNER",
            "BROWN_BANNER",
            "GREEN_BANNER",
            "RED_BANNER",
            "BLACK_BANNER",
            "END_CRYSTAL",
            "CHORUS_FRUIT",
            "POPPED_CHORUS_FRUIT",
            "BEETROOT",
            "BEETROOT_SEEDS",
            "BEETROOT_SOUP",
            "DRAGON_BREATH",
            "SPLASH_POTION",
            "SPECTRAL_ARROW",
            "TIPPED_ARROW",
            "LINGERING_POTION",
            "SHIELD",
            "TOTEM_OF_UNDYING",
            "SHULKER_SHELL",
            "IRON_NUGGET",
            "KNOWLEDGE_BOOK",
            "DEBUG_STICK",
            "MUSIC_DISC_13",
            "MUSIC_DISC_CAT",
            "MUSIC_DISC_BLOCKS",
            "MUSIC_DISC_CHIRP",
            "MUSIC_DISC_FAR",
            "MUSIC_DISC_MALL",
            "MUSIC_DISC_MELLOHI",
            "MUSIC_DISC_STAL",
            "MUSIC_DISC_STRAD",
            "MUSIC_DISC_WARD",
            "MUSIC_DISC_11",
            "MUSIC_DISC_WAIT",
            "MUSIC_DISC_OTHERSIDE",
            "MUSIC_DISC_5",
            "MUSIC_DISC_PIGSTEP",
            "DISC_FRAGMENT_5",
            "TRIDENT",
            "PHANTOM_MEMBRANE",
            "NAUTILUS_SHELL",
            "HEART_OF_THE_SEA",
            "CROSSBOW",
            "SUSPICIOUS_STEW",
            "LOOM",
            "FLOWER_BANNER_PATTERN",
            "CREEPER_BANNER_PATTERN",
            "SKULL_BANNER_PATTERN",
            "MOJANG_BANNER_PATTERN",
            "GLOBE_BANNER_PATTERN",
            "PIGLIN_BANNER_PATTERN",
            "GOAT_HORN",
            "COMPOSTER",
            "BARREL",
            "SMOKER",
            "BLAST_FURNACE",
            "CARTOGRAPHY_TABLE",
            "FLETCHING_TABLE",
            "GRINDSTONE",
            "SMITHING_TABLE",
            "STONECUTTER",
            "BELL",
            "LANTERN",
            "SOUL_LANTERN",
            "SWEET_BERRIES",
            "GLOW_BERRIES",
            "CAMPFIRE",
            "SOUL_CAMPFIRE",
            "SHROOMLIGHT",
            "HONEYCOMB",
            "BEE_NEST",
            "BEEHIVE",
            "HONEY_BOTTLE",
            "HONEYCOMB_BLOCK",
            "LODESTONE",
            "CRYING_OBSIDIAN",
            "BLACKSTONE",
            "BLACKSTONE_SLAB",
            "BLACKSTONE_STAIRS",
            "GILDED_BLACKSTONE",
            "POLISHED_BLACKSTONE",
            "POLISHED_BLACKSTONE_SLAB",
            "POLISHED_BLACKSTONE_STAIRS",
            "CHISELED_POLISHED_BLACKSTONE",
            "POLISHED_BLACKSTONE_BRICKS",
            "POLISHED_BLACKSTONE_BRICK_SLAB",
            "POLISHED_BLACKSTONE_BRICK_STAIRS",
            "CRACKED_POLISHED_BLACKSTONE_BRICKS",
            "RESPAWN_ANCHOR",
            "CANDLE",
            "WHITE_CANDLE",
            "ORANGE_CANDLE",
            "MAGENTA_CANDLE",
            "LIGHT_BLUE_CANDLE",
            "YELLOW_CANDLE",
            "LIME_CANDLE",
            "PINK_CANDLE",
            "GRAY_CANDLE",
            "LIGHT_GRAY_CANDLE",
            "CYAN_CANDLE",
            "PURPLE_CANDLE",
            "BLUE_CANDLE",
            "BROWN_CANDLE",
            "GREEN_CANDLE",
            "RED_CANDLE",
            "BLACK_CANDLE",
            "SMALL_AMETHYST_BUD",
            "MEDIUM_AMETHYST_BUD",
            "LARGE_AMETHYST_BUD",
            "AMETHYST_CLUSTER",
            "POINTED_DRIPSTONE",
            "OCHRE_FROGLIGHT",
            "VERDANT_FROGLIGHT",
            "PEARLESCENT_FROGLIGHT",
            "FROGSPAWN",
            "ECHO_SHARD",
            "WATER",
            "LAVA",
            "TALL_SEAGRASS",
            "PISTON_HEAD",
            "MOVING_PISTON",
            "WALL_TORCH",
            "FIRE",
            "SOUL_FIRE",
            "REDSTONE_WIRE",
            "OAK_WALL_SIGN",
            "SPRUCE_WALL_SIGN",
            "BIRCH_WALL_SIGN",
            "ACACIA_WALL_SIGN",
            "JUNGLE_WALL_SIGN",
            "DARK_OAK_WALL_SIGN",
            "MANGROVE_WALL_SIGN",
            "BAMBOO_WALL_SIGN",
            "OAK_WALL_HANGING_SIGN",
            "SPRUCE_WALL_HANGING_SIGN",
            "BIRCH_WALL_HANGING_SIGN",
            "ACACIA_WALL_HANGING_SIGN",
            "JUNGLE_WALL_HANGING_SIGN",
            "DARK_OAK_WALL_HANGING_SIGN",
            "MANGROVE_WALL_HANGING_SIGN",
            "CRIMSON_WALL_HANGING_SIGN",
            "WARPED_WALL_HANGING_SIGN",
            "BAMBOO_WALL_HANGING_SIGN",
            "REDSTONE_WALL_TORCH",
            "SOUL_WALL_TORCH",
            "NETHER_PORTAL",
            "ATTACHED_PUMPKIN_STEM",
            "ATTACHED_MELON_STEM",
            "PUMPKIN_STEM",
            "MELON_STEM",
            "WATER_CAULDRON",
            "LAVA_CAULDRON",
            "POWDER_SNOW_CAULDRON",
            "END_PORTAL",
            "COCOA",
            "TRIPWIRE",
            "POTTED_OAK_SAPLING",
            "POTTED_SPRUCE_SAPLING",
            "POTTED_BIRCH_SAPLING",
            "POTTED_JUNGLE_SAPLING",
            "POTTED_ACACIA_SAPLING",
            "POTTED_DARK_OAK_SAPLING",
            "POTTED_MANGROVE_PROPAGULE",
            "POTTED_FERN",
            "POTTED_DANDELION",
            "POTTED_POPPY",
            "POTTED_BLUE_ORCHID",
            "POTTED_ALLIUM",
            "POTTED_AZURE_BLUET",
            "POTTED_RED_TULIP",
            "POTTED_ORANGE_TULIP",
            "POTTED_WHITE_TULIP",
            "POTTED_PINK_TULIP",
            "POTTED_OXEYE_DAISY",
            "POTTED_CORNFLOWER",
            "POTTED_LILY_OF_THE_VALLEY",
            "POTTED_WITHER_ROSE",
            "POTTED_RED_MUSHROOM",
            "POTTED_BROWN_MUSHROOM",
            "POTTED_DEAD_BUSH",
            "POTTED_CACTUS",
            "CARROTS",
            "POTATOES",
            "SKELETON_WALL_SKULL",
            "WITHER_SKELETON_WALL_SKULL",
            "ZOMBIE_WALL_HEAD",
            "PLAYER_WALL_HEAD",
            "CREEPER_WALL_HEAD",
            "DRAGON_WALL_HEAD",
            "PIGLIN_WALL_HEAD",
            "WHITE_WALL_BANNER",
            "ORANGE_WALL_BANNER",
            "MAGENTA_WALL_BANNER",
            "LIGHT_BLUE_WALL_BANNER",
            "YELLOW_WALL_BANNER",
            "LIME_WALL_BANNER",
            "PINK_WALL_BANNER",
            "GRAY_WALL_BANNER",
            "LIGHT_GRAY_WALL_BANNER",
            "CYAN_WALL_BANNER",
            "PURPLE_WALL_BANNER",
            "BLUE_WALL_BANNER",
            "BROWN_WALL_BANNER",
            "GREEN_WALL_BANNER",
            "RED_WALL_BANNER",
            "BLACK_WALL_BANNER",
            "BEETROOTS",
            "END_GATEWAY",
            "FROSTED_ICE",
            "KELP_PLANT",
            "DEAD_TUBE_CORAL_WALL_FAN",
            "DEAD_BRAIN_CORAL_WALL_FAN",
            "DEAD_BUBBLE_CORAL_WALL_FAN",
            "DEAD_FIRE_CORAL_WALL_FAN",
            "DEAD_HORN_CORAL_WALL_FAN",
            "TUBE_CORAL_WALL_FAN",
            "BRAIN_CORAL_WALL_FAN",
            "BUBBLE_CORAL_WALL_FAN",
            "FIRE_CORAL_WALL_FAN",
            "HORN_CORAL_WALL_FAN",
            "BAMBOO_SAPLING",
            "POTTED_BAMBOO",
            "VOID_AIR",
            "CAVE_AIR",
            "BUBBLE_COLUMN",
            "SWEET_BERRY_BUSH",
            "WEEPING_VINES_PLANT",
            "TWISTING_VINES_PLANT",
            "CRIMSON_WALL_SIGN",
            "WARPED_WALL_SIGN",
            "POTTED_CRIMSON_FUNGUS",
            "POTTED_WARPED_FUNGUS",
            "POTTED_CRIMSON_ROOTS",
            "POTTED_WARPED_ROOTS",
            "CANDLE_CAKE",
            "WHITE_CANDLE_CAKE",
            "ORANGE_CANDLE_CAKE",
            "MAGENTA_CANDLE_CAKE",
            "LIGHT_BLUE_CANDLE_CAKE",
            "YELLOW_CANDLE_CAKE",
            "LIME_CANDLE_CAKE",
            "PINK_CANDLE_CAKE",
            "GRAY_CANDLE_CAKE",
            "LIGHT_GRAY_CANDLE_CAKE",
            "CYAN_CANDLE_CAKE",
            "PURPLE_CANDLE_CAKE",
            "BLUE_CANDLE_CAKE",
            "BROWN_CANDLE_CAKE",
            "GREEN_CANDLE_CAKE",
            "RED_CANDLE_CAKE",
            "BLACK_CANDLE_CAKE",
            "POWDER_SNOW",
            "CAVE_VINES",
            "CAVE_VINES_PLANT",
            "BIG_DRIPLEAF_STEM",
            "POTTED_AZALEA_BUSH",
            "POTTED_FLOWERING_AZALEA_BUSH",
            "LEGACY_AIR",
            "LEGACY_STONE",
            "LEGACY_GRASS",
            "LEGACY_DIRT",
            "LEGACY_COBBLESTONE",
            "LEGACY_WOOD",
            "LEGACY_SAPLING",
            "LEGACY_BEDROCK",
            "LEGACY_WATER",
            "LEGACY_STATIONARY_WATER",
            "LEGACY_LAVA",
            "LEGACY_STATIONARY_LAVA",
            "LEGACY_SAND",
            "LEGACY_GRAVEL",
            "LEGACY_GOLD_ORE",
            "LEGACY_IRON_ORE",
            "LEGACY_COAL_ORE",
            "LEGACY_LOG",
            "LEGACY_LEAVES",
            "LEGACY_SPONGE",
            "LEGACY_GLASS",
            "LEGACY_LAPIS_ORE",
            "LEGACY_LAPIS_BLOCK",
            "LEGACY_DISPENSER",
            "LEGACY_SANDSTONE",
            "LEGACY_NOTE_BLOCK",
            "LEGACY_BED_BLOCK",
            "LEGACY_POWERED_RAIL",
            "LEGACY_DETECTOR_RAIL",
            "LEGACY_PISTON_STICKY_BASE",
            "LEGACY_WEB",
            "LEGACY_LONG_GRASS",
            "LEGACY_DEAD_BUSH",
            "LEGACY_PISTON_BASE",
            "LEGACY_PISTON_EXTENSION",
            "LEGACY_WOOL",
            "LEGACY_PISTON_MOVING_PIECE",
            "LEGACY_YELLOW_FLOWER",
            "LEGACY_RED_ROSE",
            "LEGACY_BROWN_MUSHROOM",
            "LEGACY_RED_MUSHROOM",
            "LEGACY_GOLD_BLOCK",
            "LEGACY_IRON_BLOCK",
            "LEGACY_DOUBLE_STEP",
            "LEGACY_STEP",
            "LEGACY_BRICK",
            "LEGACY_TNT",
            "LEGACY_BOOKSHELF",
            "LEGACY_MOSSY_COBBLESTONE",
            "LEGACY_OBSIDIAN",
            "LEGACY_TORCH",
            "LEGACY_FIRE",
            "LEGACY_MOB_SPAWNER",
            "LEGACY_WOOD_STAIRS",
            "LEGACY_CHEST",
            "LEGACY_REDSTONE_WIRE",
            "LEGACY_DIAMOND_ORE",
            "LEGACY_DIAMOND_BLOCK",
            "LEGACY_WORKBENCH",
            "LEGACY_CROPS",
            "LEGACY_SOIL",
            "LEGACY_FURNACE",
            "LEGACY_BURNING_FURNACE",
            "LEGACY_SIGN_POST",
            "LEGACY_WOODEN_DOOR",
            "LEGACY_LADDER",
            "LEGACY_RAILS",
            "LEGACY_COBBLESTONE_STAIRS",
            "LEGACY_WALL_SIGN",
            "LEGACY_LEVER",
            "LEGACY_STONE_PLATE",
            "LEGACY_IRON_DOOR_BLOCK",
            "LEGACY_WOOD_PLATE",
            "LEGACY_REDSTONE_ORE",
            "LEGACY_GLOWING_REDSTONE_ORE",
            "LEGACY_REDSTONE_TORCH_OFF",
            "LEGACY_REDSTONE_TORCH_ON",
            "LEGACY_STONE_BUTTON",
            "LEGACY_SNOW",
            "LEGACY_ICE",
            "LEGACY_SNOW_BLOCK",
            "LEGACY_CACTUS",
            "LEGACY_CLAY",
            "LEGACY_SUGAR_CANE_BLOCK",
            "LEGACY_JUKEBOX",
            "LEGACY_FENCE",
            "LEGACY_PUMPKIN",
            "LEGACY_NETHERRACK",
            "LEGACY_SOUL_SAND",
            "LEGACY_GLOWSTONE",
            "LEGACY_PORTAL",
            "LEGACY_JACK_O_LANTERN",
            "LEGACY_CAKE_BLOCK",
            "LEGACY_DIODE_BLOCK_OFF",
            "LEGACY_DIODE_BLOCK_ON",
            "LEGACY_STAINED_GLASS",
            "LEGACY_TRAP_DOOR",
            "LEGACY_MONSTER_EGGS",
            "LEGACY_SMOOTH_BRICK",
            "LEGACY_HUGE_MUSHROOM_1",
            "LEGACY_HUGE_MUSHROOM_2",
            "LEGACY_IRON_FENCE",
            "LEGACY_THIN_GLASS",
            "LEGACY_MELON_BLOCK",
            "LEGACY_PUMPKIN_STEM",
            "LEGACY_MELON_STEM",
            "LEGACY_VINE",
            "LEGACY_FENCE_GATE",
            "LEGACY_BRICK_STAIRS",
            "LEGACY_SMOOTH_STAIRS",
            "LEGACY_MYCEL",
            "LEGACY_WATER_LILY",
            "LEGACY_NETHER_BRICK",
            "LEGACY_NETHER_FENCE",
            "LEGACY_NETHER_BRICK_STAIRS",
            "LEGACY_NETHER_WARTS",
            "LEGACY_ENCHANTMENT_TABLE",
            "LEGACY_BREWING_STAND",
            "LEGACY_CAULDRON",
            "LEGACY_ENDER_PORTAL",
            "LEGACY_ENDER_PORTAL_FRAME",
            "LEGACY_ENDER_STONE",
            "LEGACY_DRAGON_EGG",
            "LEGACY_REDSTONE_LAMP_OFF",
            "LEGACY_REDSTONE_LAMP_ON",
            "LEGACY_WOOD_DOUBLE_STEP",
            "LEGACY_WOOD_STEP",
            "LEGACY_COCOA",
            "LEGACY_SANDSTONE_STAIRS",
            "LEGACY_EMERALD_ORE",
            "LEGACY_ENDER_CHEST",
            "LEGACY_TRIPWIRE_HOOK",
            "LEGACY_TRIPWIRE",
            "LEGACY_EMERALD_BLOCK",
            "LEGACY_SPRUCE_WOOD_STAIRS",
            "LEGACY_BIRCH_WOOD_STAIRS",
            "LEGACY_JUNGLE_WOOD_STAIRS",
            "LEGACY_COMMAND",
            "LEGACY_BEACON",
            "LEGACY_COBBLE_WALL",
            "LEGACY_FLOWER_POT",
            "LEGACY_CARROT",
            "LEGACY_POTATO",
            "LEGACY_WOOD_BUTTON",
            "LEGACY_SKULL",
            "LEGACY_ANVIL",
            "LEGACY_TRAPPED_CHEST",
            "LEGACY_GOLD_PLATE",
            "LEGACY_IRON_PLATE",
            "LEGACY_REDSTONE_COMPARATOR_OFF",
            "LEGACY_REDSTONE_COMPARATOR_ON",
            "LEGACY_DAYLIGHT_DETECTOR",
            "LEGACY_REDSTONE_BLOCK",
            "LEGACY_QUARTZ_ORE",
            "LEGACY_HOPPER",
            "LEGACY_QUARTZ_BLOCK",
            "LEGACY_QUARTZ_STAIRS",
            "LEGACY_ACTIVATOR_RAIL",
            "LEGACY_DROPPER",
            "LEGACY_STAINED_CLAY",
            "LEGACY_STAINED_GLASS_PANE",
            "LEGACY_LEAVES_2",
            "LEGACY_LOG_2",
            "LEGACY_ACACIA_STAIRS",
            "LEGACY_DARK_OAK_STAIRS",
            "LEGACY_SLIME_BLOCK",
            "LEGACY_BARRIER",
            "LEGACY_IRON_TRAPDOOR",
            "LEGACY_PRISMARINE",
            "LEGACY_SEA_LANTERN",
            "LEGACY_HAY_BLOCK",
            "LEGACY_CARPET",
            "LEGACY_HARD_CLAY",
            "LEGACY_COAL_BLOCK",
            "LEGACY_PACKED_ICE",
            "LEGACY_DOUBLE_PLANT",
            "LEGACY_STANDING_BANNER",
            "LEGACY_WALL_BANNER",
            "LEGACY_DAYLIGHT_DETECTOR_INVERTED",
            "LEGACY_RED_SANDSTONE",
            "LEGACY_RED_SANDSTONE_STAIRS",
            "LEGACY_DOUBLE_STONE_SLAB2",
            "LEGACY_STONE_SLAB2",
            "LEGACY_SPRUCE_FENCE_GATE",
            "LEGACY_BIRCH_FENCE_GATE",
            "LEGACY_JUNGLE_FENCE_GATE",
            "LEGACY_DARK_OAK_FENCE_GATE",
            "LEGACY_ACACIA_FENCE_GATE",
            "LEGACY_SPRUCE_FENCE",
            "LEGACY_BIRCH_FENCE",
            "LEGACY_JUNGLE_FENCE",
            "LEGACY_DARK_OAK_FENCE",
            "LEGACY_ACACIA_FENCE",
            "LEGACY_SPRUCE_DOOR",
            "LEGACY_BIRCH_DOOR",
            "LEGACY_JUNGLE_DOOR",
            "LEGACY_ACACIA_DOOR",
            "LEGACY_DARK_OAK_DOOR",
            "LEGACY_END_ROD",
            "LEGACY_CHORUS_PLANT",
            "LEGACY_CHORUS_FLOWER",
            "LEGACY_PURPUR_BLOCK",
            "LEGACY_PURPUR_PILLAR",
            "LEGACY_PURPUR_STAIRS",
            "LEGACY_PURPUR_DOUBLE_SLAB",
            "LEGACY_PURPUR_SLAB",
            "LEGACY_END_BRICKS",
            "LEGACY_BEETROOT_BLOCK",
            "LEGACY_GRASS_PATH",
            "LEGACY_END_GATEWAY",
            "LEGACY_COMMAND_REPEATING",
            "LEGACY_COMMAND_CHAIN",
            "LEGACY_FROSTED_ICE",
            "LEGACY_MAGMA",
            "LEGACY_NETHER_WART_BLOCK",
            "LEGACY_RED_NETHER_BRICK",
            "LEGACY_BONE_BLOCK",
            "LEGACY_STRUCTURE_VOID",
            "LEGACY_OBSERVER",
            "LEGACY_WHITE_SHULKER_BOX",
            "LEGACY_ORANGE_SHULKER_BOX",
            "LEGACY_MAGENTA_SHULKER_BOX",
            "LEGACY_LIGHT_BLUE_SHULKER_BOX",
            "LEGACY_YELLOW_SHULKER_BOX",
            "LEGACY_LIME_SHULKER_BOX",
            "LEGACY_PINK_SHULKER_BOX",
            "LEGACY_GRAY_SHULKER_BOX",
            "LEGACY_SILVER_SHULKER_BOX",
            "LEGACY_CYAN_SHULKER_BOX",
            "LEGACY_PURPLE_SHULKER_BOX",
            "LEGACY_BLUE_SHULKER_BOX",
            "LEGACY_BROWN_SHULKER_BOX",
            "LEGACY_GREEN_SHULKER_BOX",
            "LEGACY_RED_SHULKER_BOX",
            "LEGACY_BLACK_SHULKER_BOX",
            "LEGACY_WHITE_GLAZED_TERRACOTTA",
            "LEGACY_ORANGE_GLAZED_TERRACOTTA",
            "LEGACY_MAGENTA_GLAZED_TERRACOTTA",
            "LEGACY_LIGHT_BLUE_GLAZED_TERRACOTTA",
            "LEGACY_YELLOW_GLAZED_TERRACOTTA",
            "LEGACY_LIME_GLAZED_TERRACOTTA",
            "LEGACY_PINK_GLAZED_TERRACOTTA",
            "LEGACY_GRAY_GLAZED_TERRACOTTA",
            "LEGACY_SILVER_GLAZED_TERRACOTTA",
            "LEGACY_CYAN_GLAZED_TERRACOTTA",
            "LEGACY_PURPLE_GLAZED_TERRACOTTA",
            "LEGACY_BLUE_GLAZED_TERRACOTTA",
            "LEGACY_BROWN_GLAZED_TERRACOTTA",
            "LEGACY_GREEN_GLAZED_TERRACOTTA",
            "LEGACY_RED_GLAZED_TERRACOTTA",
            "LEGACY_BLACK_GLAZED_TERRACOTTA",
            "LEGACY_CONCRETE",
            "LEGACY_CONCRETE_POWDER",
            "LEGACY_STRUCTURE_BLOCK",
            "LEGACY_IRON_SPADE",
            "LEGACY_IRON_PICKAXE",
            "LEGACY_IRON_AXE",
            "LEGACY_FLINT_AND_STEEL",
            "LEGACY_APPLE",
            "LEGACY_BOW",
            "LEGACY_ARROW",
            "LEGACY_COAL",
            "LEGACY_DIAMOND",
            "LEGACY_IRON_INGOT",
            "LEGACY_GOLD_INGOT",
            "LEGACY_IRON_SWORD",
            "LEGACY_WOOD_SWORD",
            "LEGACY_WOOD_SPADE",
            "LEGACY_WOOD_PICKAXE",
            "LEGACY_WOOD_AXE",
            "LEGACY_STONE_SWORD",
            "LEGACY_STONE_SPADE",
            "LEGACY_STONE_PICKAXE",
            "LEGACY_STONE_AXE",
            "LEGACY_DIAMOND_SWORD",
            "LEGACY_DIAMOND_SPADE",
            "LEGACY_DIAMOND_PICKAXE",
            "LEGACY_DIAMOND_AXE",
            "LEGACY_STICK",
            "LEGACY_BOWL",
            "LEGACY_MUSHROOM_SOUP",
            "LEGACY_GOLD_SWORD",
            "LEGACY_GOLD_SPADE",
            "LEGACY_GOLD_PICKAXE",
            "LEGACY_GOLD_AXE",
            "LEGACY_STRING",
            "LEGACY_FEATHER",
            "LEGACY_SULPHUR",
            "LEGACY_WOOD_HOE",
            "LEGACY_STONE_HOE",
            "LEGACY_IRON_HOE",
            "LEGACY_DIAMOND_HOE",
            "LEGACY_GOLD_HOE",
            "LEGACY_SEEDS",
            "LEGACY_WHEAT",
            "LEGACY_BREAD",
            "LEGACY_LEATHER_HELMET",
            "LEGACY_LEATHER_CHESTPLATE",
            "LEGACY_LEATHER_LEGGINGS",
            "LEGACY_LEATHER_BOOTS",
            "LEGACY_CHAINMAIL_HELMET",
            "LEGACY_CHAINMAIL_CHESTPLATE",
            "LEGACY_CHAINMAIL_LEGGINGS",
            "LEGACY_CHAINMAIL_BOOTS",
            "LEGACY_IRON_HELMET",
            "LEGACY_IRON_CHESTPLATE",
            "LEGACY_IRON_LEGGINGS",
            "LEGACY_IRON_BOOTS",
            "LEGACY_DIAMOND_HELMET",
            "LEGACY_DIAMOND_CHESTPLATE",
            "LEGACY_DIAMOND_LEGGINGS",
            "LEGACY_DIAMOND_BOOTS",
            "LEGACY_GOLD_HELMET",
            "LEGACY_GOLD_CHESTPLATE",
            "LEGACY_GOLD_LEGGINGS",
            "LEGACY_GOLD_BOOTS",
            "LEGACY_FLINT",
            "LEGACY_PORK",
            "LEGACY_GRILLED_PORK",
            "LEGACY_PAINTING",
            "LEGACY_GOLDEN_APPLE",
            "LEGACY_SIGN",
            "LEGACY_WOOD_DOOR",
            "LEGACY_BUCKET",
            "LEGACY_WATER_BUCKET",
            "LEGACY_LAVA_BUCKET",
            "LEGACY_MINECART",
            "LEGACY_SADDLE",
            "LEGACY_IRON_DOOR",
            "LEGACY_REDSTONE",
            "LEGACY_SNOW_BALL",
            "LEGACY_BOAT",
            "LEGACY_LEATHER",
            "LEGACY_MILK_BUCKET",
            "LEGACY_CLAY_BRICK",
            "LEGACY_CLAY_BALL",
            "LEGACY_SUGAR_CANE",
            "LEGACY_PAPER",
            "LEGACY_BOOK",
            "LEGACY_SLIME_BALL",
            "LEGACY_STORAGE_MINECART",
            "LEGACY_POWERED_MINECART",
            "LEGACY_EGG",
            "LEGACY_COMPASS",
            "LEGACY_FISHING_ROD",
            "LEGACY_WATCH",
            "LEGACY_GLOWSTONE_DUST",
            "LEGACY_RAW_FISH",
            "LEGACY_COOKED_FISH",
            "LEGACY_INK_SACK",
            "LEGACY_BONE",
            "LEGACY_SUGAR",
            "LEGACY_CAKE",
            "LEGACY_BED",
            "LEGACY_DIODE",
            "LEGACY_COOKIE",
            "LEGACY_MAP",
            "LEGACY_SHEARS",
            "LEGACY_MELON",
            "LEGACY_PUMPKIN_SEEDS",
            "LEGACY_MELON_SEEDS",
            "LEGACY_RAW_BEEF",
            "LEGACY_COOKED_BEEF",
            "LEGACY_RAW_CHICKEN",
            "LEGACY_COOKED_CHICKEN",
            "LEGACY_ROTTEN_FLESH",
            "LEGACY_ENDER_PEARL",
            "LEGACY_BLAZE_ROD",
            "LEGACY_GHAST_TEAR",
            "LEGACY_GOLD_NUGGET",
            "LEGACY_NETHER_STALK",
            "LEGACY_POTION",
            "LEGACY_GLASS_BOTTLE",
            "LEGACY_SPIDER_EYE",
            "LEGACY_FERMENTED_SPIDER_EYE",
            "LEGACY_BLAZE_POWDER",
            "LEGACY_MAGMA_CREAM",
            "LEGACY_BREWING_STAND_ITEM",
            "LEGACY_CAULDRON_ITEM",
            "LEGACY_EYE_OF_ENDER",
            "LEGACY_SPECKLED_MELON",
            "LEGACY_MONSTER_EGG",
            "LEGACY_EXP_BOTTLE",
            "LEGACY_FIREBALL",
            "LEGACY_BOOK_AND_QUILL",
            "LEGACY_WRITTEN_BOOK",
            "LEGACY_EMERALD",
            "LEGACY_ITEM_FRAME",
            "LEGACY_FLOWER_POT_ITEM",
            "LEGACY_CARROT_ITEM",
            "LEGACY_POTATO_ITEM",
            "LEGACY_BAKED_POTATO",
            "LEGACY_POISONOUS_POTATO",
            "LEGACY_EMPTY_MAP",
            "LEGACY_GOLDEN_CARROT",
            "LEGACY_SKULL_ITEM",
            "LEGACY_CARROT_STICK",
            "LEGACY_NETHER_STAR",
            "LEGACY_PUMPKIN_PIE",
            "LEGACY_FIREWORK",
            "LEGACY_FIREWORK_CHARGE",
            "LEGACY_ENCHANTED_BOOK",
            "LEGACY_REDSTONE_COMPARATOR",
            "LEGACY_NETHER_BRICK_ITEM",
            "LEGACY_QUARTZ",
            "LEGACY_EXPLOSIVE_MINECART",
            "LEGACY_HOPPER_MINECART",
            "LEGACY_PRISMARINE_SHARD",
            "LEGACY_PRISMARINE_CRYSTALS",
            "LEGACY_RABBIT",
            "LEGACY_COOKED_RABBIT",
            "LEGACY_RABBIT_STEW",
            "LEGACY_RABBIT_FOOT",
            "LEGACY_RABBIT_HIDE",
            "LEGACY_ARMOR_STAND",
            "LEGACY_IRON_BARDING",
            "LEGACY_GOLD_BARDING",
            "LEGACY_DIAMOND_BARDING",
            "LEGACY_LEASH",
            "LEGACY_NAME_TAG",
            "LEGACY_COMMAND_MINECART",
            "LEGACY_MUTTON",
            "LEGACY_COOKED_MUTTON",
            "LEGACY_BANNER",
            "LEGACY_END_CRYSTAL",
            "LEGACY_SPRUCE_DOOR_ITEM",
            "LEGACY_BIRCH_DOOR_ITEM",
            "LEGACY_JUNGLE_DOOR_ITEM",
            "LEGACY_ACACIA_DOOR_ITEM",
            "LEGACY_DARK_OAK_DOOR_ITEM",
            "LEGACY_CHORUS_FRUIT",
            "LEGACY_CHORUS_FRUIT_POPPED",
            "LEGACY_BEETROOT",
            "LEGACY_BEETROOT_SEEDS",
            "LEGACY_BEETROOT_SOUP",
            "LEGACY_DRAGONS_BREATH",
            "LEGACY_SPLASH_POTION",
            "LEGACY_SPECTRAL_ARROW",
            "LEGACY_TIPPED_ARROW",
            "LEGACY_LINGERING_POTION",
            "LEGACY_SHIELD",
            "LEGACY_ELYTRA",
            "LEGACY_BOAT_SPRUCE",
            "LEGACY_BOAT_BIRCH",
            "LEGACY_BOAT_JUNGLE",
            "LEGACY_BOAT_ACACIA",
            "LEGACY_BOAT_DARK_OAK",
            "LEGACY_TOTEM",
            "LEGACY_SHULKER_SHELL",
            "LEGACY_IRON_NUGGET",
            "LEGACY_KNOWLEDGE_BOOK",
            "LEGACY_GOLD_RECORD",
            "LEGACY_GREEN_RECORD",
            "LEGACY_RECORD_3",
            "LEGACY_RECORD_4",
            "LEGACY_RECORD_5",
            "LEGACY_RECORD_6",
            "LEGACY_RECORD_7",
            "LEGACY_RECORD_8",
            "LEGACY_RECORD_9",
            "LEGACY_RECORD_10",
            "LEGACY_RECORD_11",
            "LEGACY_RECORD_12"
        ]},
        "obj-byte": {
            "description": "",
            "type": "object",
            "properties": {}
        },
        "obj-org-bukkit-inventory-meta-itemmeta": {
            "description": "",
            "type": "object",
            "properties": {}
        },
        "obj-com-volmit-iris-engine-object-irisvillagertrade": {"anyOf": [
            {
                "description": "Represents a villager trade.",
                "type": "object",
                "properties": {
                    "ingredient1": {
                        "type": "object",
                        "$ref": "#/definitions/obj-org-bukkit-inventory-itemstack",
                        "description": "ingredient1\nThe first, required, ingredient for the trade.\nNote: this MUST be an item, and may not be a non-obtainable block!\n   \nItemStack (Object)\n"
                    },
                    "ingredient2": {
                        "type": "object",
                        "$ref": "#/definitions/obj-org-bukkit-inventory-itemstack",
                        "description": "ingredient2\nThe second, optional, ingredient for the trade.\nNote: this MUST be an item, and may not be a non-obtainable block!\n   \nItemStack (Object)\n"
                    },
                    "result": {
                        "type": "object",
                        "$ref": "#/definitions/obj-org-bukkit-inventory-itemstack",
                        "description": "result\nThe result of the trade.\nNote: this MUST be an item, and may not be a non-obtainable block!\n   \nItemStack (Object)\n"
                    },
                    "minTrades": {
                        "type": "integer",
                        "minimum": 1,
                        "maximum": 64,
                        "description": "minTrades\nThe min amount of times this trade can be done. Default 3\n   \nInteger\n\n    \n* Default Value is 3\n* Minimum allowed is 1\n* Maximum allowed is 64"
                    },
                    "maxTrades": {
                        "type": "integer",
                        "minimum": 1,
                        "maximum": 64,
                        "description": "maxTrades\nThe max amount of times this trade can be done. Default 5\n   \nInteger\n\n    \n* Default Value is 5\n* Minimum allowed is 1\n* Maximum allowed is 64"
                    }
                }
            },
            {"type": "string"}
        ]},
        "obj-org-bukkit-material-materialdata": {
            "description": "",
            "type": "object",
            "properties": {"data": {
                "type": "object",
                "$ref": "#/definitions/obj-byte",
                "description": "data\nBukkit package classes and enums have no descriptions\n   \nbyte (Object)\n"
            }}
        },
        "obj-org-bukkit-inventory-itemstack": {
            "description": "",
            "type": "object",
            "properties": {
                "type": {
                    "type": "string",
                    "$ref": "#/definitions/enum-org-bukkit-material",
                    "description": "type\nBukkit package classes and enums have no descriptions\n   \nMaterial\n\nMust be a valid Material (use ctrl+space for auto complete!)"
                },
                "amount": {
                    "type": "integer",
                    "description": "amount\nBukkit package classes and enums have no descriptions\n   \nInteger\n"
                },
                "data": {
                    "type": "object",
                    "$ref": "#/definitions/obj-org-bukkit-material-materialdata",
                    "description": "data\nBukkit package classes and enums have no descriptions\n   \nMaterialData (Object)\n"
                },
                "meta": {
                    "type": "object",
                    "$ref": "#/definitions/obj-org-bukkit-inventory-meta-itemmeta",
                    "description": "meta\nBukkit package classes and enums have no descriptions\n   \nItemMeta (Object)\n"
                }
            }
        }
    }
}
