{
    "object": "jigsaw/pillager-outpost/watchtower",
    "connectors": [
        {
            "name": "",
            "targetName": "*",
            "innerConnector": false,
            "pools": ["pillager-outpost/features"],
            "keepEntity": false,
            "entityCount": 1,
            "position": {
                "x": -3,
                "y": -9,
                "z": -7
            },
            "direction": "NORTH_NEGATIVE_Z"
        },
        {
            "name": "",
            "targetName": "*",
            "innerConnector": false,
            "pools": ["pillager-outpost/features"],
            "keepEntity": false,
            "entityCount": 1,
            "position": {
                "x": 3,
                "y": -9,
                "z": -7
            },
            "direction": "NORTH_NEGATIVE_Z"
        },
        {
            "name": "",
            "targetName": "*",
            "innerConnector": false,
            "pools": ["pillager-outpost/features"],
            "keepEntity": false,
            "entityCount": 1,
            "position": {
                "x": 7,
                "y": -9,
                "z": -3
            },
            "direction": "EAST_POSITIVE_X"
        },
        {
            "name": "",
            "targetName": "*",
            "innerConnector": false,
            "pools": ["pillager-outpost/features"],
            "keepEntity": false,
            "entityCount": 1,
            "position": {
                "x": 7,
                "y": -9,
                "z": 3
            },
            "direction": "EAST_POSITIVE_X"
        },
        {
            "name": "",
            "targetName": "*",
            "innerConnector": false,
            "pools": ["pillager-outpost/features"],
            "keepEntity": false,
            "entityCount": 1,
            "position": {
                "x": -7,
                "y": -9,
                "z": 3
            },
            "direction": "WEST_NEGATIVE_X"
        },
        {
            "name": "",
            "targetName": "*",
            "innerConnector": false,
            "pools": ["pillager-outpost/features"],
            "keepEntity": false,
            "entityCount": 1,
            "position": {
                "x": -7,
                "y": -9,
                "z": -3
            },
            "direction": "WEST_NEGATIVE_X"
        }
    ],
    "placementOptions": {
        "markers": [{
            "emptyAbove": true,
            "maximumMarkers": 4,
            "mark": [{"block": "minecraft:birch_planks"}],
            "marker": "pillager"
        }]
    }
}
