{
    "connectors": [
        {
            "targetName": "",
            "innerConnector": false,
            "entityCount": 1,
            "rotateConnector": false,
            "name": "minecraft:feature",
            "position": {
                "x": -2,
                "y": -2,
                "z": -2
            },
            "direction": "SOUTH_POSITIVE_Z"
        },
        {
            "targetName": "",
            "innerConnector": false,
            "entityCount": 1,
            "rotateConnector": false,
            "name": "minecraft:feature",
            "position": {
                "x": -2,
                "y": -2,
                "z": 3
            },
            "direction": "SOUTH_POSITIVE_Z"
        },
        {
            "targetName": "",
            "innerConnector": false,
            "entityCount": 1,
            "rotateConnector": false,
            "name": "minecraft:feature",
            "position": {
                "x": 3,
                "y": -2,
                "z": -2
            },
            "direction": "SOUTH_POSITIVE_Z"
        },
        {
            "targetName": "*",
            "innerConnector": true,
            "entityCount": 1,
            "rotateConnector": false,
            "name": "",
            "position": {
                "x": 1,
                "y": -2,
                "z": 0
            },
            "direction": "UP_POSITIVE_Y"
        }
    ],
    "placementOptions": {
        "markers": [{
            "emptyAbove": true,
            "maximumMarkers": 1,
            "mark": [{"block": "minecraft:dark_oak_slab"}],
            "marker": "pillager-cage"
        }],
        "mode": "STILT",
        "bore": true
    },
    "object": "jigsaw/pillager-outpost/regular/feature_cage2"
}
