{
    "fill": {"block": "minecraft:cave_air"},
    "verticalRange": {
        "max": 130,
        "min": 60
    },
    "customBiome": "carving/sandstone-huge",
    "fork": {
        "caves": [{
            "breakSurface": false,
            "cave": "sandstone/huge-branch",
            "rarity": 4
        }]
    },
    "worm": {
        "girth": {
            "max": 10,
            "min": 10,
            "style": {"style": "NOWHERE"}
        },
        "maxDistance": 150,
        "yStyle": {
            "min": -4,
            "max": 4,
            "generator": {
                "zoom": 3,
                "style": "NOWHERE"
            }
        },
        "xStyle": {
            "min": -40,
            "max": 40,
            "generator": {
                "zoom": 0.6,
                "style": "NOWHERE"
            }
        },
        "zStyle": {
            "min": -40,
            "max": 40,
            "generator": {
                "zoom": 0.6,
                "style": "NOWHERE"
            }
        }
    }
}
