{
    "fill": {"block": "minecraft:cave_air"},
    "verticalRange": {
        "max": 400,
        "min": 15
    },
    "customBiome": "carving/deepravine",
    "fork": {
        "caves": [
            {
                "breakSurface": false,
                "cave": "calcite/main",
                "rarity": 25
            },
            {
                "breakSurface": false,
                "cave": "drip/main",
                "rarity": 30
            },
            {
                "breakSurface": false,
                "cave": "volcanic/small",
                "rarity": 20
            }
        ]
    },
    "worm": {
        "girth": {
            "max": 8,
            "min": 3,
            "style": {
                "style": "NOWHERE",
                "zoom": 0.5
            }
        },
        "maxDistance": 100,
        "yStyle": {
            "min": -2,
            "max": 1,
            "generator": {
                "zoom": 3,
                "style": "NOWHERE"
            }
        },
        "xStyle": {
            "min": -9,
            "max": 9,
            "generator": {
                "zoom": 0.6,
                "style": "NOWHERE"
            }
        },
        "zStyle": {
            "min": -9,
            "max": 9,
            "generator": {
                "zoom": 0.6,
                "style": "NOWHERE"
            }
        }
    }
}
