{
    "name": "Temperate Ocean",
    "color": "#395FDF",
    "derivative": "LUKEWARM_OCEAN",
    "vanillaDerivative": "OCEAN",
    "rarity": 1,
    "generators": [{
        "min": -32,
        "max": -10,
        "generator": "mountain"
    }],
    "layers": [
        {
            "minHeight": 2,
            "maxHeight": 3,
            "style": {"style": "FRACTAL_FBM_IRIS"},
            "zoom": 0.825,
            "palette": [
                {"block": "minecraft:sand"},
                {"block": "minecraft:clay"},
                {"block": "minecraft:sand"},
                {"block": "minecraft:gravel"},
                {"block": "minecraft:sand"},
                {
                    "weight": 2,
                    "block": "minecraft:sand"
                }
            ]
        },
        {"palette": [{"block": "minecraft:dirt"}]},
        {
            "minHeight": 1,
            "maxHeight": 3,
            "palette": [
                {
                    "weight": 2,
                    "block": "minecraft:dirt"
                },
                {"block": "minecraft:coarse_dirt"}
            ]
        }
    ],
    "objects": [
        {
            "chance": 0.01,
            "density": 1,
            "rotation": {
                "yAxis": {
                    "min": 0,
                    "max": 0,
                    "interval": 90,
                    "enabled": true
                },
                "enabled": true
            },
            "underwater": true,
            "place": [
                "structures/swreck1",
                "structures/usdship1",
                "structures/usdship2"
            ],
            "edit": [{
                "find": [{"block": "minecraft:oak_stairs"}],
                "replace": {"palette": [{"block": "minecraft:oak_planks"}]}
            }],
            "translate": {
                "x": 0,
                "y": -4,
                "z": 0
            }
        },
        {
            "chance": 0.005,
            "rotation": {
                "yAxis": {
                    "min": 0,
                    "max": 0,
                    "interval": 90,
                    "enabled": true
                },
                "enabled": true
            },
            "underwater": true,
            "place": [
                "clutter/substat1",
                "clutter/substat2",
                "clutter/substat3",
                "clutter/substat4",
                "clutter/substat5"
            ],
            "translate": {
                "x": 0,
                "y": 2,
                "z": 0
            }
        },
        {
            "chance": 0.004,
            "rotation": {
                "yAxis": {
                    "min": 0,
                    "max": 0,
                    "interval": 90,
                    "enabled": true
                },
                "enabled": true
            },
            "place": [
                "clutter/obelisk1",
                "clutter/obelisk2",
                "clutter/obelisk3",
                "clutter/obelisk4",
                "clutter/obelisk5",
                "clutter/obelisk6",
                "clutter/obelisk7"
            ]
        },
        {
            "chance": 0.0035,
            "rotation": {
                "yAxis": {
                    "min": 0,
                    "max": 0,
                    "interval": 90,
                    "enabled": true
                },
                "enabled": true
            },
            "underwater": true,
            "place": [
                "structures/oruins1",
                "structures/oruins2",
                "structures/oruins3"
            ],
            "mode": "PAINT",
            "loot": [{"name": "structures/ocean-ruins"}],
            "overrideGlobalLoot": true
        }
    ],
    "decorators": [
        {
            "chance": 6.0E-4,
            "variance": {"style": "STATIC"},
            "zoom": 1,
            "palette": [
                {"block": "minecraft:soul_sand"},
                {"block": "minecraft:magma_block"}
            ],
            "style": {"style": "STATIC"},
            "partOf": "SEA_FLOOR"
        },
        {
            "chance": 0.07,
            "variance": {"style": "STATIC"},
            "zoom": 5,
            "palette": [{"block": "minecraft:seagrass"}],
            "style": {"style": "STATIC"},
            "partOf": "SEA_FLOOR"
        },
        {
            "chance": 0.013,
            "verticalZoom": 88,
            "variance": {"style": "STATIC"},
            "stackMax": 6,
            "zoom": 1,
            "palette": [{"block": "minecraft:kelp_plant"}],
            "style": {"style": "STATIC"},
            "heightVariance": {"style": "NOWHERE"},
            "stackMin": 2,
            "partOf": "SEA_FLOOR"
        },
        {
            "chance": 0.001,
            "variance": {"style": "STATIC"},
            "zoom": 1,
            "palette": [{
                "data": {
                    "waterlogged": true,
                    "pickles": 1
                },
                "block": "minecraft:sea_pickle"
            }],
            "style": {"style": "STATIC"},
            "partOf": "SEA_FLOOR"
        }
    ],
    "slab": {
        "style": {"style": "STATIC"},
        "palette": [
            {
                "data": {
                    "waterlogged": false,
                    "type": "bottom"
                },
                "block": "minecraft:sandstone_slab"
            },
            {
                "data": {
                    "waterlogged": false,
                    "type": "bottom"
                },
                "block": "minecraft:smooth_sandstone_slab"
            },
            {
                "weight": 2,
                "block": "minecraft:air"
            }
        ]
    }
}
