{
    "name": "Ash Desert",
    "color": "#E0E0D7",
    "rarity": 2,
    "derivative": "DESERT",
    "vanillaDerivative": "DESERT",
    "generators": [{
        "generator": "smooth-dunes",
        "max": 52,
        "min": 28
    }],
    "layers": [
         {
            "minHeight": 3,
            "maxHeight": 10,
            "slopeCondition": {
                "minimumSlope": 4.5,
                "maximumSlope": 20
            },
            "palette": [{"block": "minecraft:calcite"}]
        },
        {
            "minHeight": 1,
            "maxHeight": 1,
            "palette": [{
                "block": "minecraft:light_gray_concrete_powder"
            }]
        },
        {
            "minHeight": 1,
            "maxHeight": 1,
            "palette": [{
                "block": "minecraft:gray_concrete_powder"
            }]
        },
        {
            "minHeight": 1,
            "maxHeight": 1,
            "palette": [{
                "block": "minecraft:white_concrete_powder"
            }]
        }
    ],
    "objects": [
        {
            "chance": 0.00025,
            "density": 1,
            "place": [
                "clutter/bone1",
                "clutter/bone5"
            ],
            "translate": {
                "x": 0,
                "y": -35,
                "z": 0
            }
        },
        {
            "chance": 0.01,
            "density": 1,
            "place": [
                "clutter/bone6",
                "clutter/bone7"
            ],
            "translate": {
                "x": 0,
                "y": -5,
                "z": 0
            }
        },
        {
            "chance": 0.0025,
            "density": 1,
            "place": [
                "clutter/bone2",
                "clutter/bone3",
                "clutter/bone4"
            ],
            "translate": {
                "x": 0,
                "y": -12,
                "z": 0
            }
        }
    ],
    "decorators": [
        {
            "chance": 0.005,
            "palette": [{"block": "minecraft:dead_bush"}]
        }
    ],
    "lockLayers": true
}
