{
    "name": "Hot Mountain Middle",
    "color": "#DCB73A",
    "rarity": 1,
    "derivative": "DESERT",
    "vanillaDerivative": "DESERT",
    "generators": [{
        "generator": "mountain",
        "max": 210,
        "min": 80
    }],
    "biomeZoom": 0.4,
    "biomeStyle": {"style": "SIMPLEX"},
    "wall": {
        "style": {"style": "STATIC"},
        "palette": [{"block": "minecraft:gray_terracotta"}]
    },
    "layers": [
        {
            "minHeight": 1,
            "maxHeight": 1,
            "slopeCondition": {
                "minimumSlope": 0,
                "maximumSlope": 3
            },
            "palette": [{"block": "minecraft:red_sand"}]
        },
        {
            "minHeight": 2,
            "maxHeight": 4,
            "slopeCondition": {"minimumSlope": 3.95},
            "palette": [
                {"block": "minecraft:brown_terracotta"},
                {"block": "minecraft:gray_terracotta"}
            ]
        },
        {
            "minHeight": 2,
            "maxHeight": 3,
            "palette": [{"block": "minecraft:brown_terracotta"}]
        },
        {
            "minHeight": 6,
            "maxHeight": 18,
            "style": {"style": "STATIC"},
            "palette": [
                {"block": "minecraft:stone"},
                {"block": "minecraft:andesite"},
                {"block": "minecraft:stone"}
            ]
        }
    ],
    "childStyle": {
        "style": "STATIC",
        "exponent": 0.625,
        "zoom": 1,
        "fracture": {
            "style": "SIMPLEX",
            "multiplier": 4,
            "zoom": 0.9
        }
    }
}
