{
    "name": "Hot Mountain Plains",
    "color": "#C9A429",
    "rarity": 1,
    "derivative": "DESERT",
    "vanillaDerivative": "DESERT",
    "generators": [{
        "generator": "smooth-dunes",
        "max": 59,
        "min": 66
    }],
    "wall": {"palette": [{"block": "minecraft:gray_terracotta"}]},
    "layers": [
        {
            "minHeight": 4,
            "maxHeight": 6,
            "palette": [{"block": "minecraft:red_sand"}]
        },
        {
            "minHeight": 2,
            "maxHeight": 23,
            "palette": [{"block": "minecraft:red_sandstone"}]
        }
    ],
    "jigsawStructures": [
        {
            "rarity": 1700,
            "structure": "pillager-outpost"
        },
        {
            "rarity": 1500,
            "structure": "village-desert"
        },
        {
            "rarity": 1900,
            "structure": "pyramid-desert"
        }
    ],
    "decorators": [{
        "chance": 0.001,
        "variance": {"style": "STATIC"},
        "stackMax": 5,
        "style": {"style": "STATIC"},
        "palette": [{"block": "minecraft:cactus"}],
        "heightVariance": {"style": "STATIC"},
        "stackMin": 1
    }]
}
