{
    "name": "Hot Oasis",
    "color": "#B99620",
    "rarity": 1,
    "derivative": "DESERT",
    "vanillaDerivative": "DESERT",
    "generators": [{
        "generator": "plain",
        "max": 7,
        "min": -2
    }],
    "layers": [{
        "minHeight": 5,
        "maxHeight": 5,
        "style": {"style": "NOWHERE"},
        "zoom": 0.7,
        "palette": [
            {
                "weight": 1,
                "block": "minecraft:grass_block"
            },
            {
                "weight": 1,
                "block": "minecraft:moss_block"
            }
        ]
    }],
    "decorators": [
        {
            "verticalZoom": 5,
            "chance": 0.005,
            "variance": {"style": "STATIC"},
            "stackMax": 5,
            "style": {"style": "STATIC"},
            "palette": [{"block": "minecraft:cactus"}],
            "heightVariance": {"style": "NOWHERE"},
            "stackMin": 1
        },
        {
            "chance": 0.005,
            "palette": [{"block": "minecraft:dead_bush"}]
        }
    ]
}
