{
    "$schema": "http://json-schema.org/draft-07/schema#",
    "$id": "https://volmit.com/iris-schema/irisjigsawpool.json",
    "description": "Represents a structure piece pool",
    "type": "object",
    "properties": {
        "preprocessors": {
            "type": "array",
            "minItems": 1,
            "items": {"$ref": "#/definitions/erzscripts"},
            "description": "preprocessors\nPreprocess this object in-memory when it's loaded, run scripts using the variable 'Iris.getPreprocessorObject()' and modify properties about this object before it's used.\n   \nList<Script>\n\n    \n* Default Value is an empty list\n* At least one entry must be defined, or just remove this list.\nMust be a valid Script (use ctrl+space for auto complete!)"
        },
        "pieces": {
            "type": "array",
            "minItems": 1,
            "items": {"$ref": "#/definitions/erzjigsaw-pieces"},
            "description": "pieces\nA list of structure piece pools\n   \nList<Jigsaw Piece>\n\n    \n* Default Value is an empty list\n* At least one entry must be defined, or just remove this list.\nMust be a valid Jigsaw Piece (use ctrl+space for auto complete!)"
        }
    },
    "definitions": {
        "erzscripts": {"enum": []},
        "erzjigsaw-pieces": {"enum": [
            "mineshaft_wide/way_empty",
            "stronghold/jail/1",
            "village/desert/houses/animal_pen_1",
            "stronghold/jail/3",
            "stronghold/jail/2",
            "village/desert/houses/animal_pen_2",
            "mineshaft_wide/intersection_empty",
            "stronghold/jail/5",
            "village/plains/zombie/houses/medium_house_1",
            "stronghold/jail/4",
            "village/plains/zombie/houses/medium_house_2",
            "stronghold/jail/7",
            "stronghold/jail/6",
            "stronghold/jail/9",
            "stronghold/jail/8",
            "stronghold/wall-fixture/5x3/brew-set",
            "mineshaft_wide/way_spawner",
            "village/plains/houses/tannery_1",
            "village/taiga/houses/cartographer_house_1",
            "stronghold/jail/blank",
            "village/savanna/houses/fisher_cottage_1",
            "village/taiga/houses/butcher_shop_1",
            "village/savanna/zombie/houses/small_house_1",
            "village/desert/town_centers/meeting_point_1",
            "village/plains/zombie/streets/turn_01",
            "village/savanna/zombie/houses/small_house_3",
            "village/taiga/zombie/houses/shepherds_house_1",
            "stronghold/door/iron2",
            "stronghold/rooms/oreroom",
            "village/savanna/zombie/houses/small_house_2",
            "village/taiga/zombie/streets/turn_01",
            "stronghold/path/small-corridor",
            "village/desert/town_centers/meeting_point_2",
            "village/desert/town_centers/meeting_point_3",
            "stronghold/ceiling/7x7/flat",
            "igloo/middle",
            "village/misc/j1",
            "village/misc/tjunct",
            "village/misc/j6",
            "village/desert/houses/cartographer_house_1",
            "village/misc/j7",
            "village/misc/j8",
            "stronghold/path/medium-corridor",
            "village/misc/j9",
            "village/misc/j2",
            "village/misc/j3",
            "village/misc/j4",
            "village/misc/j5",
            "village/desert/houses/small_house_2",
            "village/desert/houses/small_house_3",
            "village/desert/houses/small_house_1",
            "village/desert/streets/straight_02",
            "village/desert/streets/straight_01",
            "village/desert/streets/straight_03",
            "village/taiga/zombie/town_centers/meeting_point_2",
            "village/desert/houses/small_house_8",
            "village/snowy/zombie/streets/straight_08",
            "village/taiga/zombie/town_centers/meeting_point_1",
            "stronghold/rooms/library-large",
            "village/desert/houses/small_house_6",
            "village/desert/houses/small_house_7",
            "village/desert/houses/small_house_4",
            "pillager-outpost/overgrown/tent",
            "village/desert/houses/small_house_5",
            "village/desert/streets/crossroad_02",
            "fossil/spine_3_coal",
            "village/desert/streets/crossroad_01",
            "village/savanna/zombie/houses/small_house_5",
            "village/savanna/zombie/houses/small_house_4",
            "stronghold/path/large-spiral-staircase",
            "village/savanna/zombie/houses/small_house_7",
            "village/savanna/zombie/houses/small_house_6",
            "stronghold/wall-fixture/5x3/shelf",
            "ancient-city/ancient_city",
            "village/desert/streets/crossroad_03",
            "village/savanna/zombie/houses/small_house_8",
            "ocean-monument/ocean-monument",
            "village/plains/houses/animal_pen_1",
            "village/plains/houses/animal_pen_3",
            "village/plains/houses/animal_pen_2",
            "stronghold/stairs/sml-vertical-naked",
            "village/taiga/streets/turn_01",
            "mineshaft/way_rails",
            "village/plains/zombie/town_centers/meeting_point_3",
            "village/snowy/zombie/streets/straight_02",
            "village/desert/houses/large_farm_1",
            "village/snowy/zombie/streets/straight_01",
            "village/snowy/zombie/streets/straight_06",
            "village/taiga/houses/shepherds_house_1",
            "village/snowy/zombie/streets/straight_04",
            "village/desert/zombie/terminators/terminator_02",
            "village/snowy/zombie/streets/straight_03",
            "village/snowy/houses/fisher_cottage",
            "village/snowy/houses/fletcher_house_1",
            "village/plains/zombie/town_centers/meeting_point_1",
            "village/plains/zombie/town_centers/meeting_point_2",
            "stronghold/wall-fixture/5x3x3/cobweb",
            "village/taiga/houses/small_farm_1",
            "stronghold/rooms/alter1",
            "village/desert/streets/turn_01",
            "mineshaft_wide/way",
            "village/desert/zombie/streets/square_01",
            "pillager-outpost/regular/feature_targets",
            "village/desert/zombie/streets/square_02",
            "village/desert/zombie/streets/straight_01",
            "village/desert/zombie/streets/straight_02",
            "village/desert/zombie/streets/straight_03",
            "village/misc/cross",
            "fossil/skull_2_coal",
            "stronghold/wall-fixture/blank",
            "village/snowy/houses/temple_1",
            "underwater-ruin/warm_7",
            "underwater-ruin/warm_8",
            "underwater-ruin/warm_5",
            "underwater-ruin/warm_6",
            "underwater-ruin/warm_3",
            "underwater-ruin/warm_4",
            "underwater-ruin/warm_1",
            "village/savanna/houses/small_farm",
            "underwater-ruin/warm_2",
            "village/plains/streets/turn_01",
            "village/savanna/zombie/streets/corner_01",
            "village/savanna/zombie/streets/corner_03",
            "village/desert/houses/temple_2",
            "village/desert/houses/temple_1",
            "stronghold/path/small-spiral-staircase",
            "village/plains/town_centers/fountain_01",
            "mineshaft_wide/way_rails2",
            "mineshaft_wide/way_rails1",
            "village/desert/zombie/houses/medium_house_2",
            "mineshaft_wide/way_rails3",
            "village/desert/zombie/houses/medium_house_1",
            "village/plains/houses/shepherds_house_1",
            "village/plains/zombie/houses/shepherds_house_1",
            "village/snowy/houses/tannery_1",
            "stronghold/path/stair-split",
            "stronghold/path/medium-wide-corridor1",
            "village/savanna/houses/armorer_1",
            "village/savanna/zombie/town_centers/meeting_point_1",
            "village/snowy/zombie/streets/corner_02",
            "village/taiga/zombie/houses/tool_smith_1",
            "village/snowy/zombie/streets/corner_03",
            "village/snowy/houses/farm_2",
            "village/snowy/houses/farm_1",
            "stronghold/floor/3x3/flat",
            "stronghold/path/tiny-cross",
            "stronghold/stairs/med-vertical-complete1",
            "stronghold/stairs/med-vertical-complete2",
            "stronghold/floor/3x3/tnt",
            "village/savanna/houses/fletcher_house_1",
            "stronghold/room/stairs-down",
            "village/snowy/houses/animal_pen_2",
            "village/taiga/houses/tool_smith_1",
            "village/snowy/houses/animal_pen_1",
            "stronghold/rooms/maze3",
            "stronghold/rooms/maze2",
            "stronghold/rooms/maze1",
            "village/taiga/houses/armorer_house_1",
            "village/taiga/houses/temple_1",
            "village/plains/houses/masons_house_1",
            "mineshaft_wide/way_lantern",
            "village/misc/end1",
            "village/savanna/zombie/town_centers/meeting_point_4",
            "village/snowy/zombie/streets/corner_01",
            "village/plains/zombie/houses/animal_pen_3",
            "village/savanna/zombie/town_centers/meeting_point_2",
            "village/savanna/zombie/town_centers/meeting_point_3",
            "village/desert/houses/fisher_1",
            "village/plains/streets/straight_03",
            "village/plains/streets/straight_04",
            "stronghold/wall-fixture/5x3/study",
            "village/plains/streets/straight_01",
            "village/plains/streets/straight_02",
            "village/savanna/zombie/houses/medium_house_2",
            "village/plains/streets/straight_05",
            "village/savanna/zombie/houses/medium_house_1",
            "village/snowy/zombie/streets/turn_01",
            "village/taiga/zombie/houses/temple_1",
            "village/plains/streets/straight_06",
            "village/savanna/streets/turn_01",
            "village/savanna/zombie/streets/straight_05",
            "village/snowy/houses/armorer_house_2",
            "village/savanna/zombie/streets/straight_06",
            "village/savanna/zombie/streets/straight_08",
            "village/savanna/zombie/streets/straight_02",
            "village/savanna/zombie/streets/straight_04",
            "pyramid-desert/bottom",
            "stronghold/stairs/casing-tight",
            "village/plains/zombie/streets/crossroad_02",
            "village/savanna/zombie/streets/straight_09",
            "village/taiga/decoration_5",
            "village/plains/zombie/streets/crossroad_03",
            "village/taiga/decoration_6",
            "village/taiga/decoration_3",
            "village/plains/zombie/streets/crossroad_01",
            "village/taiga/decoration_4",
            "village/desert/houses/weaponsmith_1",
            "village/plains/zombie/houses/fletcher_house_1",
            "village/plains/zombie/streets/crossroad_06",
            "stronghold/ceiling/5x5/wood-beams",
            "village/plains/houses/medium_house_1",
            "stronghold/path/large-cross-stairs",
            "village/plains/houses/medium_house_2",
            "village/plains/zombie/streets/crossroad_04",
            "village/plains/zombie/streets/crossroad_05",
            "village/desert/houses/armorer_1",
            "village/snowy/town_centers/meeting_point_2",
            "village/snowy/town_centers/meeting_point_1",
            "stronghold/path/4way-spiral-staircase",
            "village/snowy/town_centers/meeting_point_3",
            "village/snowy/houses/butchers_shop_2",
            "stronghold/path/corridor-cross",
            "village/taiga/decoration_1",
            "village/taiga/decoration_2",
            "stronghold/wall-fixture/5x3/double-chest",
            "village/snowy/houses/butchers_shop_1",
            "mineshaft/intersection_empty",
            "village/desert/zombie/houses/small_house_4",
            "village/desert/zombie/houses/small_house_3",
            "village/desert/zombie/houses/small_house_2",
            "village/desert/zombie/houses/small_house_1",
            "village/plains/houses/big_house_1",
            "village/desert/zombie/houses/small_house_8",
            "village/desert/zombie/houses/small_house_7",
            "village/desert/zombie/houses/small_house_6",
            "village/desert/zombie/houses/small_house_5",
            "village/snowy/houses/armorer_house_1",
            "village/plains/houses/large_farm_1",
            "stronghold/door/iron",
            "village/taiga/lamp_post_1",
            "village/desert/houses/mason_1",
            "village/desert/houses/fletcher_house_1",
            "stronghold/room/small-cell",
            "stronghold/path/hazard-hall2",
            "village/savanna/houses/temple_2",
            "stronghold/path/hazard-hall1",
            "village/savanna/houses/temple_1",
            "village/savanna/zombie/houses/large_farm_2",
            "pyramid-desert/pyramid-desert",
            "village/savanna/zombie/streets/crossroad_04",
            "village/taiga/houses/small_house_4",
            "village/savanna/zombie/streets/crossroad_03",
            "village/taiga/houses/small_house_3",
            "village/savanna/zombie/streets/crossroad_06",
            "village/savanna/zombie/streets/crossroad_05",
            "village/taiga/houses/small_house_5",
            "village/desert/streets/corner_01",
            "village/savanna/zombie/streets/crossroad_07",
            "village/desert/streets/corner_02",
            "village/taiga/houses/small_house_2",
            "village/taiga/houses/small_house_1",
            "pyramid-desert/top",
            "village/plains/houses/butcher_shop_1",
            "village/plains/houses/butcher_shop_2",
            "village/plains/houses/small_farm_1",
            "village/taiga/streets/crossroad_02",
            "village/taiga/streets/crossroad_03",
            "village/taiga/streets/crossroad_04",
            "village/taiga/streets/crossroad_05",
            "stronghold/room/witch-room",
            "stronghold/path/hazard-hall3",
            "village/taiga/streets/crossroad_01",
            "village/taiga/streets/crossroad_06",
            "village/taiga/houses/armorer_2",
            "underwater-ruin/big_warm_7",
            "mineshaft/way_spawner",
            "underwater-ruin/big_warm_6",
            "underwater-ruin/big_warm_5",
            "underwater-ruin/big_warm_4",
            "village/snowy/houses/weapon_smith_1",
            "mineshaft/way_chest",
            "village/snowy/zombie/streets/square_01",
            "village/snowy/houses/tool_smith_1",
            "village/taiga/houses/animal_pen_1",
            "village/savanna/streets/straight_02",
            "stronghold/ceiling/5x5/lamp",
            "fossil/skull_1_coal",
            "stronghold/path/stairs1",
            "village/plains/houses/meeting_point_5",
            "village/plains/houses/meeting_point_4",
            "stronghold/rooms/boomtube-test",
            "village/plains/houses/stable_1",
            "mineshaft/way_1",
            "village/plains/houses/stable_2",
            "mineshaft/way_2",
            "village/desert/lamp_1",
            "village/plains/zombie/houses/big_house_1",
            "stronghold/stairs/casing-floor-solid",
            "village/plains/zombie/houses/small_house_3",
            "village/plains/zombie/houses/small_house_4",
            "village/plains/zombie/houses/small_house_1",
            "village/snowy/zombie/streets/crossroad_06",
            "village/plains/zombie/houses/small_house_2",
            "village/snowy/zombie/streets/crossroad_05",
            "village/plains/zombie/houses/small_house_7",
            "stronghold/wall-fixture/5x3x3/chains",
            "village/plains/zombie/houses/small_house_8",
            "village/plains/zombie/houses/small_house_5",
            "village/plains/zombie/houses/small_house_6",
            "village/snowy/houses/shepherds_house_1",
            "village/plains/houses/library_1",
            "village/savanna/zombie/streets/crossroad_02",
            "village/plains/houses/library_2",
            "village/snowy/zombie/streets/crossroad_04",
            "village/snowy/zombie/streets/crossroad_03",
            "village/snowy/zombie/streets/crossroad_02",
            "village/snowy/zombie/streets/crossroad_01",
            "village/savanna/houses/mason_1",
            "stronghold/room/sleeping-quarters",
            "village/savanna/town_centers/meeting_point_1",
            "village/savanna/town_centers/meeting_point_2",
            "village/snowy/zombie/houses/small_house_1",
            "village/savanna/town_centers/meeting_point_3",
            "village/snowy/zombie/houses/small_house_2",
            "village/savanna/town_centers/meeting_point_4",
            "village/snowy/zombie/houses/small_house_3",
            "village/snowy/zombie/houses/small_house_4",
            "village/snowy/zombie/houses/small_house_5",
            "village/plains/houses/fisher_cottage_1",
            "igloo/top1",
            "village/plains/zombie/houses/stable_1",
            "village/taiga/zombie/houses/library_1",
            "igloo/top2",
            "stronghold/portal/top",
            "village/savanna/houses/cartographer_1",
            "village/snowy/zombie/houses/small_house_6",
            "stronghold/rooms/chestroom2-trap",
            "village/snowy/zombie/houses/small_house_7",
            "village/plains/houses/temple_4",
            "village/snowy/zombie/houses/small_house_8",
            "village/plains/houses/temple_3",
            "village/desert/houses/shepherd_house_1",
            "village/savanna/zombie/streets/straight_10",
            "village/snowy/streets/turn_01",
            "village/savanna/streets/straight_11",
            "village/savanna/zombie/streets/straight_11",
            "village/savanna/streets/straight_10",
            "village/desert/houses/tannery_1",
            "stronghold/stairs/casing-floor-hollow",
            "village/snowy/zombie/town_centers/meeting_point_1",
            "stronghold/room/study",
            "village/snowy/zombie/town_centers/meeting_point_2",
            "village/snowy/zombie/town_centers/meeting_point_3",
            "village/savanna/streets/straight_09",
            "village/savanna/streets/straight_08",
            "village/savanna/streets/straight_06",
            "village/savanna/streets/straight_05",
            "village/savanna/streets/straight_04",
            "village/savanna/houses/butchers_shop_2",
            "pillager-outpost/overgrown/cage",
            "village/savanna/houses/butchers_shop_1",
            "village/taiga/houses/tannery_1",
            "village/plains/houses/cartographer_1",
            "village/taiga/zombie/houses/large_farm_2",
            "village/desert/zombie/town_centers/meeting_point_1",
            "village/desert/zombie/town_centers/meeting_point_2",
            "village/taiga/houses/weaponsmith_2",
            "village/taiga/houses/weaponsmith_1",
            "dungeon/zombie",
            "stronghold/door/wood2",
            "stronghold/room/witch-room-end",
            "village/desert/zombie/town_centers/meeting_point_3",
            "stronghold/wall-fixture/5x3/lantern",
            "village/savanna/zombie/streets/split_02",
            "village/savanna/zombie/streets/split_01",
            "fossil/skull_4",
            "village/savanna/terminators/terminator_05",
            "fossil/skull_3",
            "fossil/skull_2",
            "fossil/skull_1",
            "village/desert/houses/farm_2",
            "village/desert/zombie/streets/crossroad_02",
            "village/desert/zombie/streets/crossroad_03",
            "village/desert/houses/farm_1",
            "village/desert/zombie/streets/crossroad_01",
            "pillager-outpost/regular/feature_cage1",
            "stronghold/ceiling/5x5/bar-lamp",
            "village/savanna/houses/weaponsmith_1",
            "village/savanna/houses/weaponsmith_2",
            "pillager-outpost/regular/feature_cage2",
            "village/plains/houses/weaponsmith_1",
            "village/plains/houses/small_house_8",
            "village/desert/terminators/terminator_02",
            "woodland-mansion/woodland-mansion",
            "stronghold/stairs/med-vertical-naked",
            "village/plains/houses/small_house_1",
            "village/snowy/lamp_post_01",
            "village/plains/houses/small_house_3",
            "village/snowy/lamp_post_02",
            "village/plains/houses/small_house_2",
            "village/snowy/lamp_post_03",
            "village/misc/j10",
            "village/plains/houses/small_house_5",
            "village/desert/houses/butcher_shop_1",
            "village/plains/houses/small_house_4",
            "village/plains/houses/small_house_7",
            "village/taiga/zombie/streets/crossroad_06",
            "village/plains/houses/small_house_6",
            "village/taiga/zombie/streets/crossroad_05",
            "village/taiga/zombie/streets/crossroad_04",
            "village/desert/houses/tool_smith_1",
            "village/taiga/zombie/streets/crossroad_03",
            "village/plains/zombie/town_centers/fountain_01",
            "village/snowy/streets/square_01",
            "village/taiga/zombie/streets/crossroad_02",
            "village/taiga/zombie/streets/crossroad_01",
            "stronghold/path/small-cross",
            "mineshaft_wide/way_chest",
            "village/taiga/houses/fisher_cottage_1",
            "village/plains/zombie/houses/butcher_shop_2",
            "fossil/spine_2",
            "fossil/spine_1",
            "pillager-outpost/regular/feature_tent1",
            "pillager-outpost/regular/feature_tent2",
            "fossil/spine_4",
            "fossil/spine_3",
            "village/savanna/streets/split_02",
            "stronghold/wall-fixture/5x3/crafting-station",
            "village/desert/zombie/streets/corner_01",
            "village/desert/zombie/streets/corner_02",
            "village/plains/houses/fletcher_house_1",
            "stronghold/wall-fixture/5x3/chest",
            "underwater-ruin/big_cracked_8",
            "village/savanna/houses/tannery_1",
            "underwater-ruin/big_cracked_3",
            "village/savanna/streets/split_01",
            "underwater-ruin/big_cracked_2",
            "village/desert/terminators/terminator_01",
            "village/snowy/houses/cartographer_house_1",
            "underwater-ruin/big_cracked_1",
            "mushhut/hut/hut1",
            "village/taiga/houses/library_1",
            "village/desert/zombie/streets/turn_01",
            "mushhut/hut/hut6",
            "mushhut/hut/hut7",
            "mushhut/hut/hut2",
            "mushhut/hut/hut3",
            "mushhut/hut/hut4",
            "mushhut/hut/hut5",
            "village/taiga/houses/fletcher_house_1",
            "stronghold/wall-fixture/5x3/mixed1",
            "village/taiga/town_centers/meeting_point_1",
            "village/taiga/town_centers/meeting_point_2",
            "village/savanna/houses/large_farm_1",
            "village/savanna/houses/large_farm_2",
            "pillager-outpost/regular/feature_logs",
            "fossil/skull_4_coal",
            "village/plains/streets/corner_01",
            "village/plains/houses/tool_smith_1",
            "village/plains/streets/corner_03",
            "village/plains/streets/corner_02",
            "fossil/spine_2_coal",
            "village/savanna/houses/medium_house_2",
            "village/savanna/houses/medium_house_1",
            "village/snowy/houses/masons_house_1",
            "village/taiga/streets/straight_01",
            "village/snowy/houses/masons_house_2",
            "village/taiga/streets/straight_05",
            "village/taiga/streets/straight_04",
            "village/taiga/streets/straight_03",
            "village/taiga/streets/straight_02",
            "stronghold/path/straight-staircase",
            "village/taiga/streets/straight_06",
            "pyramid-jungle/pyramid",
            "village/desert/streets/square_02",
            "village/taiga/zombie/streets/straight_05",
            "village/taiga/zombie/streets/straight_06",
            "village/taiga/zombie/streets/straight_03",
            "village/desert/streets/square_01",
            "village/taiga/zombie/streets/straight_04",
            "ruined-portal/portal_7",
            "village/taiga/zombie/streets/straight_01",
            "ruined-portal/portal_6",
            "village/taiga/zombie/streets/straight_02",
            "ruined-portal/portal_9",
            "ruined-portal/portal_8",
            "ruined-portal/portal_3",
            "village/snowy/zombie/houses/medium_house_1",
            "village/taiga/zombie/houses/cartographer_house_1",
            "ruined-portal/portal_2",
            "fossil/skull_3_coal",
            "ruined-portal/portal_5",
            "fossil/spine_1_coal",
            "ruined-portal/portal_4",
            "ruined-portal/portal_1",
            "village/snowy/streets/corner_01",
            "village/snowy/streets/corner_02",
            "village/snowy/streets/corner_03",
            "village/snowy/zombie/houses/medium_house_3",
            "village/plains/houses/accessory_1",
            "village/snowy/zombie/houses/medium_house_2",
            "stronghold/path/medium-cross",
            "village/desert/houses/library_1",
            "stronghold/room/stairs-up",
            "dungeon/spider",
            "village/taiga/houses/medium_house_3",
            "village/taiga/houses/medium_house_4",
            "village/taiga/houses/medium_house_1",
            "village/taiga/houses/medium_house_2",
            "village/misc/hall1",
            "village/taiga/houses/large_farm_1",
            "village/taiga/houses/large_farm_2",
            "stronghold/wall/1",
            "village/taiga/streets/corner_03",
            "stronghold/wall/3",
            "village/taiga/streets/corner_02",
            "mineshaft/way_empty",
            "stronghold/wall/2",
            "village/taiga/streets/corner_01",
            "stronghold/wall/4",
            "village/taiga/houses/masons_house_1",
            "village/savanna/houses/small_house_5",
            "igloo/bottom",
            "village/savanna/houses/small_house_6",
            "village/savanna/houses/small_house_7",
            "village/savanna/houses/small_house_8",
            "village/savanna/houses/small_house_1",
            "stronghold/portal/main",
            "village/savanna/houses/small_house_2",
            "village/savanna/houses/small_house_3",
            "village/plains/lamp_1",
            "village/savanna/houses/small_house_4",
            "village/plains/streets/crossroad_01",
            "stronghold/path/medium-corridor2",
            "village/plains/streets/crossroad_02",
            "village/plains/streets/crossroad_03",
            "village/plains/streets/crossroad_04",
            "stronghold/path/jail-room2",
            "village/plains/streets/crossroad_05",
            "stronghold/path/jail-room1",
            "village/plains/streets/crossroad_06",
            "ruined-portal/giant_portal_1",
            "ruined-portal/giant_portal_2",
            "ruined-portal/giant_portal_3",
            "stronghold/path/tee-cross2",
            "underwater-ruin/mossy_1",
            "village/snowy/streets/straight_02",
            "underwater-ruin/mossy_2",
            "village/misc/corner1",
            "village/snowy/streets/straight_03",
            "stronghold/room/stairs-up-down",
            "underwater-ruin/mossy_3",
            "village/plains/zombie/houses/meeting_point_5",
            "village/snowy/streets/straight_04",
            "underwater-ruin/mossy_4",
            "underwater-ruin/mossy_5",
            "underwater-ruin/mossy_6",
            "village/plains/zombie/houses/meeting_point_4",
            "underwater-ruin/mossy_7",
            "underwater-ruin/mossy_8",
            "village/snowy/streets/straight_01",
            "village/savanna/zombie/houses/animal_pen_3",
            "village/snowy/streets/crossroad_01",
            "village/savanna/zombie/houses/animal_pen_2",
            "mushhut/paths/path3",
            "village/snowy/streets/crossroad_05",
            "village/snowy/streets/straight_06",
            "mushhut/paths/path4",
            "village/snowy/streets/crossroad_04",
            "village/snowy/streets/crossroad_03",
            "village/snowy/streets/straight_08",
            "village/snowy/streets/crossroad_02",
            "mushhut/paths/path1",
            "mushhut/paths/path2",
            "underwater-ruin/brick_4",
            "village/taiga/zombie/houses/small_house_5",
            "underwater-ruin/brick_3",
            "village/taiga/zombie/houses/small_house_4",
            "underwater-ruin/brick_6",
            "village/taiga/zombie/houses/small_house_3",
            "underwater-ruin/brick_5",
            "village/taiga/zombie/houses/small_house_2",
            "village/taiga/zombie/houses/small_house_1",
            "underwater-ruin/brick_2",
            "underwater-ruin/brick_1",
            "village/savanna/houses/shepherd_1",
            "village/savanna/lamp_post_01",
            "village/savanna/houses/animal_pen_1",
            "stronghold/path/corner-cross",
            "village/savanna/houses/animal_pen_2",
            "stronghold/wall-fixture/5x3/chains",
            "village/savanna/houses/animal_pen_3",
            "stronghold/stairs/casing",
            "stronghold/path/tee-cross",
            "village/savanna/streets/corner_03",
            "underwater-ruin/cracked_8",
            "underwater-ruin/cracked_7",
            "village/savanna/streets/corner_01",
            "underwater-ruin/big_brick_1",
            "underwater-ruin/cracked_4",
            "village/plains/terminators/terminator_02",
            "underwater-ruin/cracked_3",
            "village/plains/terminators/terminator_03",
            "village/taiga/zombie/houses/fisher_cottage_1",
            "underwater-ruin/cracked_6",
            "village/plains/terminators/terminator_04",
            "underwater-ruin/cracked_5",
            "stronghold/path/portal-hall",
            "underwater-ruin/big_brick_3",
            "underwater-ruin/cracked_2",
            "underwater-ruin/big_brick_2",
            "underwater-ruin/cracked_1",
            "village/plains/terminators/terminator_01",
            "underwater-ruin/big_brick_8",
            "village/snowy/houses/medium_house_3",
            "village/snowy/houses/medium_house_2",
            "village/snowy/houses/medium_house_1",
            "village/plains/zombie/streets/straight_06",
            "village/plains/zombie/streets/straight_05",
            "village/plains/zombie/streets/straight_04",
            "underwater-ruin/brick_8",
            "village/plains/zombie/streets/straight_03",
            "underwater-ruin/brick_7",
            "village/plains/zombie/streets/straight_02",
            "village/plains/zombie/streets/straight_01",
            "dungeon/skeleton",
            "village/savanna/streets/crossroad_04",
            "village/savanna/streets/crossroad_05",
            "village/savanna/streets/crossroad_06",
            "village/savanna/streets/crossroad_07",
            "underwater-ruin/big_mossy_8",
            "village/savanna/streets/crossroad_02",
            "village/savanna/streets/crossroad_03",
            "village/savanna/houses/tool_smith_1",
            "underwater-ruin/big_mossy_1",
            "stronghold/path/cap",
            "underwater-ruin/big_mossy_3",
            "village/taiga/zombie/houses/weaponsmith_2",
            "underwater-ruin/big_mossy_2",
            "village/plains/houses/armorer_house_1",
            "mineshaft_wide/intersection",
            "pillager-outpost/overgrown/pumpkins2",
            "village/snowy/houses/small_house_3",
            "pillager-outpost/overgrown/pumpkins1",
            "village/snowy/houses/small_house_4",
            "village/snowy/houses/small_house_5",
            "village/snowy/houses/small_house_6",
            "village/snowy/houses/library_1",
            "village/snowy/houses/small_house_1",
            "village/snowy/houses/small_house_2",
            "stronghold/jail/11",
            "stronghold/wall-fixture/5x3/anvil-furnace",
            "village/savanna/zombie/terminators/terminator_05",
            "stronghold/jail/12",
            "stronghold/rooms/chestroom1-trap",
            "stronghold/rooms/chestroom1",
            "stronghold/rooms/chestroom2",
            "stronghold/jail/10",
            "village/taiga/zombie/houses/medium_house_1",
            "village/taiga/zombie/streets/corner_03",
            "village/taiga/zombie/streets/corner_02",
            "village/plains/town_centers/meeting_point_3",
            "village/plains/town_centers/meeting_point_2",
            "village/desert/houses/medium_house_2",
            "village/plains/town_centers/meeting_point_1",
            "village/taiga/zombie/houses/medium_house_2",
            "village/taiga/zombie/houses/medium_house_3",
            "village/taiga/zombie/houses/medium_house_4",
            "village/desert/houses/medium_house_1",
            "village/savanna/zombie/streets/turn_01",
            "stronghold/path/large-corridor",
            "village/savanna/houses/library_1",
            "mineshaft/intersection",
            "village/taiga/zombie/streets/corner_01",
            "ruined-portal/portal_10",
            "village/snowy/streets/crossroad_06",
            "stronghold/door/wood",
            "stronghold/wall-fixture/5x3/brewing-shelf",
            "village/snowy/houses/small_house_7",
            "village/snowy/houses/small_house_8",
            "pillager-outpost/watchtower_overgrown",
            "fossil/spine_4_coal",
            "stronghold/path/fancy-cross",
            "stronghold/rooms/jail-complex",
            "pillager-outpost/watchtower",
            "village/plains/zombie/streets/corner_02",
            "village/plains/zombie/streets/corner_01",
            "stronghold/rooms/library",
            "village/plains/zombie/streets/corner_03",
            "stronghold/ceiling/7x7/wood-beams"
        ]}
    }
}
