{
    "$schema": "http://json-schema.org/draft-07/schema#",
    "$id": "https://volmit.com/iris-schema/irismarker.json",
    "description": "Represents a marker",
    "type": "object",
    "properties": {
        "preprocessors": {
            "type": "array",
            "minItems": 1,
            "items": {"$ref": "#/definitions/erzscripts"},
            "description": "preprocessors\nPreprocess this object in-memory when it's loaded, run scripts using the variable 'Iris.getPreprocessorObject()' and modify properties about this object before it's used.\n   \nList<Script>\n\n    \n* Default Value is an empty list\n* At least one entry must be defined, or just remove this list.\nMust be a valid Script (use ctrl+space for auto complete!)"
        },
        "spawners": {
            "type": "array",
            "minItems": 1,
            "items": {"$ref": "#/definitions/erzspawners"},
            "description": "spawners\nA list of spawners to add to anywhere this marker is.\n   \nList<Spawner>\n\n    \n* Default Value is an empty list\n* At least one entry must be defined, or just remove this list.\nMust be a valid Spawner (use ctrl+space for auto complete!)"
        },
        "removeOnChange": {
            "type": "boolean",
            "description": "removeOnChange\nRemove this marker when the block it's assigned to is changed.\n   \nBoolean\n\n    \n* Default Value is a default object (create this object to see default properties)"
        },
        "emptyAbove": {
            "type": "boolean",
            "description": "emptyAbove\nIf true, markers will only be placed here if there is 2 air blocks above it.\n   \nBoolean\n\n    \n* Default Value is a default object (create this object to see default properties)"
        },
        "exhaustionChance": {
            "type": "number",
            "description": "exhaustionChance\nIf this marker is used, what is the chance it removes itself. For example 25% (0.25) would mean that on average 4 uses will remove a specific marker. Set this below 0 (-1) to never exhaust & set this to 1 or higher to always exhaust on first use.\n   \nNumber\n\n    \n* Default Value is 0.33"
        }
    },
    "definitions": {
        "erzspawners": {"enum": [
            "hot/passive",
            "frozen/cave",
            "frozen/passive",
            "tropical/beach",
            "temperate/crystal/mythic",
            "temperate/farmland/mythic",
            "tropical/water",
            "hot/cave",
            "structure/allay",
            "structure/witch",
            "mushroom/hostile",
            "structure/cat",
            "tropical/hostile",
            "tundra/water",
            "swamp/passive",
            "structure/swamp-hut",
            "structure/silverfish",
            "tropical/cave",
            "mushroom/cave",
            "structure/spider",
            "tundra/passive",
            "frozen/water",
            "hot/hostile",
            "structure/woodland-mansion cage",
            "structure/pillager-cage-respawn",
            "structure/skeleton",
            "skelepirate",
            "structure/pillager-cage",
            "structure/evoker",
            "structure/iglo-zombievillager",
            "mushroom/passive",
            "tropical/passive",
            "structure/zombie",
            "tundra/hostile",
            "dank",
            "temperate/hostile",
            "swamp/cave",
            "temperate/passive",
            "mushroom/water",
            "structure/iglo-villager",
            "temperate/water",
            "structure/cavespider",
            "hot/water",
            "structure/pillager-respawn",
            "hives",
            "swamp/hostile",
            "structure/guardian",
            "structure/elderguardian",
            "temperate/cave",
            "structure/villager",
            "tundra/cave",
            "structure/pillager",
            "structure/woodland-mansion",
            "frozen/hostile",
            "structure/vindicator",
            "swamp/water"
        ]},
        "erzscripts": {"enum": []}
    }
}
