{
    "$schema": "http://json-schema.org/draft-07/schema#",
    "$id": "https://volmit.com/iris-schema/irisravine.json",
    "description": "Translate objects",
    "type": "object",
    "properties": {
        "preprocessors": {
            "type": "array",
            "minItems": 1,
            "items": {"$ref": "#/definitions/erzscripts"},
            "description": "preprocessors\nPreprocess this object in-memory when it's loaded, run scripts using the variable 'Iris.getPreprocessorObject()' and modify properties about this object before it's used.\n   \nList<Script>\n\n    \n* Default Value is an empty list\n* At least one entry must be defined, or just remove this list.\nMust be a valid Script (use ctrl+space for auto complete!)"
        },
        "worm": {
            "anyOf": [
                {
                    "!required": false,
                    "type": "object",
                    "$ref": "#/definitions/obj-com-volmit-iris-engine-object-irisworm",
                    "description": "worm\nDefine the shape of this ravine (2d, ignores Y)\n   \nWorm (Object)\nGenerate worms\n    \nYou can instead specify \"snippet/worm/some-name.json\" to use a snippet file instead of specifying it here.\n    \n* Default Value is a default object (create this object to see default properties)"
                },
                {
                    "type": "string",
                    "$ref": "#/definitions/enum-snippet-worm",
                    "description": "worm\nDefine the shape of this ravine (2d, ignores Y)\n   \nWorm (Object)\nGenerate worms\n    \nYou can instead specify \"snippet/worm/some-name.json\" to use a snippet file instead of specifying it here.\n    \n* Default Value is a default object (create this object to see default properties)"
                }
            ],
            "description": "worm\nDefine the shape of this ravine (2d, ignores Y)\n   \nWorm (Object)\nGenerate worms\n    \nYou can instead specify \"snippet/worm/some-name.json\" to use a snippet file instead of specifying it here.\n    \n* Default Value is a default object (create this object to see default properties)"
        },
        "customBiome": {
            "type": "string",
            "$ref": "#/definitions/erzbiomes",
            "description": "customBiome\nForce this cave to only generate the specified custom biome\n   \nIris Biome\n\n    \n* Default Value is \nMust be a valid biomes (use ctrl+space for auto complete!)"
        },
        "fork": {
            "anyOf": [
                {
                    "!required": false,
                    "type": "object",
                    "$ref": "#/definitions/obj-com-volmit-iris-engine-object-iriscarving",
                    "description": "fork\nDefine potential forking features\n   \nCarving (Object)\nRepresents a carving configuration\n    \nYou can instead specify \"snippet/carving/some-name.json\" to use a snippet file instead of specifying it here.\n    \n* Default Value is a default object (create this object to see default properties)"
                },
                {
                    "type": "string",
                    "$ref": "#/definitions/enum-snippet-carving",
                    "description": "fork\nDefine potential forking features\n   \nCarving (Object)\nRepresents a carving configuration\n    \nYou can instead specify \"snippet/carving/some-name.json\" to use a snippet file instead of specifying it here.\n    \n* Default Value is a default object (create this object to see default properties)"
                }
            ],
            "description": "fork\nDefine potential forking features\n   \nCarving (Object)\nRepresents a carving configuration\n    \nYou can instead specify \"snippet/carving/some-name.json\" to use a snippet file instead of specifying it here.\n    \n* Default Value is a default object (create this object to see default properties)"
        },
        "depthStyle": {
            "anyOf": [
                {
                    "!required": false,
                    "type": "object",
                    "$ref": "#/definitions/obj-com-volmit-iris-engine-object-irisshapedgeneratorstyle",
                    "description": "depthStyle\nThe style used to determine the curvature of this worm's y\n   \nShapedGeneratorStyle (Object)\nThis represents a generator with a min and max height\n    \nYou can instead specify \"snippet/shaped-style/some-name.json\" to use a snippet file instead of specifying it here.\n    \n* Default Value is a default object (create this object to see default properties)"
                },
                {
                    "type": "string",
                    "$ref": "#/definitions/enum-snippet-shaped-style",
                    "description": "depthStyle\nThe style used to determine the curvature of this worm's y\n   \nShapedGeneratorStyle (Object)\nThis represents a generator with a min and max height\n    \nYou can instead specify \"snippet/shaped-style/some-name.json\" to use a snippet file instead of specifying it here.\n    \n* Default Value is a default object (create this object to see default properties)"
                }
            ],
            "description": "depthStyle\nThe style used to determine the curvature of this worm's y\n   \nShapedGeneratorStyle (Object)\nThis represents a generator with a min and max height\n    \nYou can instead specify \"snippet/shaped-style/some-name.json\" to use a snippet file instead of specifying it here.\n    \n* Default Value is a default object (create this object to see default properties)"
        },
        "baseWidthStyle": {
            "anyOf": [
                {
                    "!required": false,
                    "type": "object",
                    "$ref": "#/definitions/obj-com-volmit-iris-engine-object-irisshapedgeneratorstyle",
                    "description": "baseWidthStyle\nThe style used to determine the curvature of this worm's y\n   \nShapedGeneratorStyle (Object)\nThis represents a generator with a min and max height\n    \nYou can instead specify \"snippet/shaped-style/some-name.json\" to use a snippet file instead of specifying it here.\n    \n* Default Value is a default object (create this object to see default properties)"
                },
                {
                    "type": "string",
                    "$ref": "#/definitions/enum-snippet-shaped-style",
                    "description": "baseWidthStyle\nThe style used to determine the curvature of this worm's y\n   \nShapedGeneratorStyle (Object)\nThis represents a generator with a min and max height\n    \nYou can instead specify \"snippet/shaped-style/some-name.json\" to use a snippet file instead of specifying it here.\n    \n* Default Value is a default object (create this object to see default properties)"
                }
            ],
            "description": "baseWidthStyle\nThe style used to determine the curvature of this worm's y\n   \nShapedGeneratorStyle (Object)\nThis represents a generator with a min and max height\n    \nYou can instead specify \"snippet/shaped-style/some-name.json\" to use a snippet file instead of specifying it here.\n    \n* Default Value is a default object (create this object to see default properties)"
        },
        "angle": {
            "type": "number",
            "minimum": 1,
            "maximum": 100,
            "description": "angle\nThe angle at which the ravine widens as it gets closer to the surface\n   \nNumber\n\n    \n* Default Value is 18.0\n* Minimum allowed is 1.0\n* Maximum allowed is 100.0"
        },
        "topAngle": {
            "type": "number",
            "minimum": 1,
            "maximum": 100,
            "description": "topAngle\nThe angle at which the ravine widens as it gets closer to the surface\n   \nNumber\n\n    \n* Default Value is 38.0\n* Minimum allowed is 1.0\n* Maximum allowed is 100.0"
        },
        "lavaLevel": {
            "type": "integer",
            "description": "lavaLevel\nTo fill this cave with lava, set the lava level to a height from the bottom most point of the cave.\n   \nInteger\n\n    \n* Default Value is -1"
        },
        "nodeThreshold": {
            "type": "integer",
            "description": "nodeThreshold\nHow many worm nodes must be placed to actually generate a ravine? Higher reduces the chances but also reduces ravine 'holes'\n   \nInteger\n\n    \n* Default Value is 5"
        },
        "ribThickness": {
            "type": "number",
            "minimum": 1,
            "maximum": 8,
            "description": "ribThickness\nThe thickness of the ravine ribs\n   \nNumber\n\n    \n* Default Value is 3.0\n* Minimum allowed is 1.0\n* Maximum allowed is 8.0"
        }
    },
    "definitions": {
        "enum-snippet-worm": {"enum": []},
        "obj-com-volmit-iris-engine-object-iriscaveplacer": {"anyOf": [
            {
                "description": "Translate objects",
                "type": "object",
                "properties": {
                    "rarity": {
                        "type": "integer",
                        "minimum": 1,
                        "description": "rarity\nTypically a 1 in RARITY on a per chunk/fork basis\n   \nInteger\n\n    \n* Default Value is 15\n* Minimum allowed is 1"
                    },
                    "cave": {
                        "type": "string",
                        "minLength": 1,
                        "$ref": "#/definitions/erzcaves",
                        "description": "cave\nThe cave to place\n   \nIris Cave\n\n* Minimum Length allowed is 1\nMust be a valid caves (use ctrl+space for auto complete!)"
                    },
                    "breakSurface": {
                        "type": "boolean",
                        "description": "breakSurface\nIf set to true, this cave is allowed to break the surface\n   \nBoolean\n\n    \n* Default Value is a default object (create this object to see default properties)"
                    },
                    "caveStartHeight": {
                        "anyOf": [
                            {
                                "!required": false,
                                "type": "object",
                                "$ref": "#/definitions/obj-com-volmit-iris-engine-object-irisstyledrange",
                                "description": "caveStartHeight\nThe height range this cave can spawn at. If breakSurface is false, the output of this range will be clamped by the current world height to prevent surface breaking.\n   \nStyledRange (Object)\nRepresents a range styled with a custom generator\n    \nYou can instead specify \"snippet/style-range/some-name.json\" to use a snippet file instead of specifying it here.\n    \n* Default Value is a default object (create this object to see default properties)"
                            },
                            {
                                "type": "string",
                                "$ref": "#/definitions/enum-snippet-style-range",
                                "description": "caveStartHeight\nThe height range this cave can spawn at. If breakSurface is false, the output of this range will be clamped by the current world height to prevent surface breaking.\n   \nStyledRange (Object)\nRepresents a range styled with a custom generator\n    \nYou can instead specify \"snippet/style-range/some-name.json\" to use a snippet file instead of specifying it here.\n    \n* Default Value is a default object (create this object to see default properties)"
                            }
                        ],
                        "description": "caveStartHeight\nThe height range this cave can spawn at. If breakSurface is false, the output of this range will be clamped by the current world height to prevent surface breaking.\n   \nStyledRange (Object)\nRepresents a range styled with a custom generator\n    \nYou can instead specify \"snippet/style-range/some-name.json\" to use a snippet file instead of specifying it here.\n    \n* Default Value is a default object (create this object to see default properties)"
                    }
                }
            },
            {"type": "string"}
        ]},
        "enum-snippet-shaped-style": {"enum": []},
        "obj-com-volmit-iris-engine-object-irisimagemap": {"anyOf": [
            {
                "description": "Represents an image map",
                "type": "object",
                "properties": {
                    "image": {
                        "type": "string",
                        "$ref": "#/definitions/erzimages",
                        "description": "image\nDefine the png image to read in this noise map\n   \nIris Image\n\n    \n* Default Value is \nMust be a valid images (use ctrl+space for auto complete!)"
                    },
                    "coordinateScale": {
                        "type": "number",
                        "minimum": 1,
                        "description": "coordinateScale\nThe amount of distance a single pixel is when reading this map, reading x=13, would still read pixel 0 if the scale is 32. You can zoom this externally through noise styles for zooming out.\n   \nNumber\n\n    \n* Default Value is 32.0\n* Minimum allowed is 1.0"
                    },
                    "interpolationMethod": {
                        "type": "string",
                        "$ref": "#/definitions/oneof-enum-com-volmit-iris-util-interpolation-interpolationmethod",
                        "description": "interpolationMethod\nThe interpolation method if the coordinateScale is greater than 1. This blends the image into noise. For nearest neighbor, use NONE.\n   \nInterpolationMethod\nAn interpolation method (or function) is simply a method of smoothing a position based on surrounding points on a grid. Bicubic for example is smoother, but has 4 times the checks than Bilinear for example. Try using BILINEAR_STARCAST_9 for beautiful results.\n    \n* Default Value is a default object (create this object to see default properties)\nMust be a valid InterpolationMethod (use ctrl+space for auto complete!)"
                    },
                    "channel": {
                        "type": "string",
                        "$ref": "#/definitions/oneof-enum-com-volmit-iris-engine-object-irisimagechannel",
                        "description": "channel\nThe channel of the image to read from. This basically converts image data into a number betwen 0 to 1 per pixel using a certain 'channel/filter'\n   \nImageChannel\nDetermines a derived channel of an image to read\n    \n* Default Value is a default object (create this object to see default properties)\nMust be a valid ImageChannel (use ctrl+space for auto complete!)"
                    },
                    "inverted": {
                        "type": "boolean",
                        "description": "inverted\nInvert the channel input\n   \nBoolean\n\n    \n* Default Value is a default object (create this object to see default properties)"
                    },
                    "tiled": {
                        "type": "boolean",
                        "description": "tiled\nTile the image coordinates\n   \nBoolean\n\n    \n* Default Value is a default object (create this object to see default properties)"
                    },
                    "centered": {
                        "type": "boolean",
                        "description": "centered\nCenter 0,0 to the center of the image instead of the top left.\n   \nBoolean\n\n    \n* Default Value is a default object (create this object to see default properties)"
                    }
                }
            },
            {"type": "string"}
        ]},
        "obj-com-volmit-iris-engine-object-irispyramid": {"anyOf": [
            {
                "description": "Represents an procedural eliptical shape",
                "type": "object",
                "properties": {
                    "rarity": {
                        "type": "integer",
                        "minimum": 1,
                        "description": "rarity\nTypically a 1 in RARITY on a per fork basis\n   \nInteger\n\n    \n* Default Value is 1\n* Minimum allowed is 1"
                    },
                    "customBiome": {
                        "type": "string",
                        "$ref": "#/definitions/erzbiomes",
                        "description": "customBiome\nForce this cave to only generate the specified custom biome\n   \nIris Biome\n\n    \n* Default Value is \nMust be a valid biomes (use ctrl+space for auto complete!)"
                    },
                    "baseWidth": {
                        "anyOf": [
                            {
                                "!required": false,
                                "type": "object",
                                "$ref": "#/definitions/obj-com-volmit-iris-engine-object-irisstyledrange",
                                "description": "baseWidth\nThe styled random radius for x\n   \nStyledRange (Object)\nRepresents a range styled with a custom generator\n    \nYou can instead specify \"snippet/style-range/some-name.json\" to use a snippet file instead of specifying it here.\n    \n* Default Value is a default object (create this object to see default properties)"
                            },
                            {
                                "type": "string",
                                "$ref": "#/definitions/enum-snippet-style-range",
                                "description": "baseWidth\nThe styled random radius for x\n   \nStyledRange (Object)\nRepresents a range styled with a custom generator\n    \nYou can instead specify \"snippet/style-range/some-name.json\" to use a snippet file instead of specifying it here.\n    \n* Default Value is a default object (create this object to see default properties)"
                            }
                        ],
                        "description": "baseWidth\nThe styled random radius for x\n   \nStyledRange (Object)\nRepresents a range styled with a custom generator\n    \nYou can instead specify \"snippet/style-range/some-name.json\" to use a snippet file instead of specifying it here.\n    \n* Default Value is a default object (create this object to see default properties)"
                    }
                }
            },
            {"type": "string"}
        ]},
        "obj-com-volmit-iris-engine-object-irissphere": {"anyOf": [
            {
                "description": "Represents an procedural eliptical shape",
                "type": "object",
                "properties": {
                    "rarity": {
                        "type": "integer",
                        "minimum": 1,
                        "description": "rarity\nTypically a 1 in RARITY on a per fork basis\n   \nInteger\n\n    \n* Default Value is 1\n* Minimum allowed is 1"
                    },
                    "customBiome": {
                        "type": "string",
                        "$ref": "#/definitions/erzbiomes",
                        "description": "customBiome\nForce this cave to only generate the specified custom biome\n   \nIris Biome\n\n    \n* Default Value is \nMust be a valid biomes (use ctrl+space for auto complete!)"
                    },
                    "radius": {
                        "anyOf": [
                            {
                                "!required": false,
                                "type": "object",
                                "$ref": "#/definitions/obj-com-volmit-iris-engine-object-irisstyledrange",
                                "description": "radius\nThe styled random radius for x\n   \nStyledRange (Object)\nRepresents a range styled with a custom generator\n    \nYou can instead specify \"snippet/style-range/some-name.json\" to use a snippet file instead of specifying it here.\n    \n* Default Value is a default object (create this object to see default properties)"
                            },
                            {
                                "type": "string",
                                "$ref": "#/definitions/enum-snippet-style-range",
                                "description": "radius\nThe styled random radius for x\n   \nStyledRange (Object)\nRepresents a range styled with a custom generator\n    \nYou can instead specify \"snippet/style-range/some-name.json\" to use a snippet file instead of specifying it here.\n    \n* Default Value is a default object (create this object to see default properties)"
                            }
                        ],
                        "description": "radius\nThe styled random radius for x\n   \nStyledRange (Object)\nRepresents a range styled with a custom generator\n    \nYou can instead specify \"snippet/style-range/some-name.json\" to use a snippet file instead of specifying it here.\n    \n* Default Value is a default object (create this object to see default properties)"
                    }
                }
            },
            {"type": "string"}
        ]},
        "obj-com-volmit-iris-engine-object-irisravineplacer": {"anyOf": [
            {
                "description": "Translate objects",
                "type": "object",
                "properties": {
                    "rarity": {
                        "type": "integer",
                        "minimum": 1,
                        "description": "rarity\nTypically a 1 in RARITY on a per chunk/fork basis\n   \nInteger\n\n    \n* Default Value is 15\n* Minimum allowed is 1"
                    },
                    "ravine": {
                        "type": "string",
                        "minLength": 1,
                        "$ref": "#/definitions/erzravines",
                        "description": "ravine\nThe ravine to place\n   \nIris Ravine\n\n* Minimum Length allowed is 1\nMust be a valid ravines (use ctrl+space for auto complete!)"
                    }
                }
            },
            {"type": "string"}
        ]},
        "obj-com-volmit-iris-engine-object-iriscarving": {"anyOf": [
            {
                "description": "Represents a carving configuration",
                "type": "object",
                "properties": {
                    "caves": {
                        "type": "array",
                        "minItems": 1,
                        "items": {"$ref": "#/definitions/obj-com-volmit-iris-engine-object-iriscaveplacer"},
                        "description": "caves\nDefine cave placers\n   \nList of CavePlacers (Objects)\n\n    \n* Default Value is an empty list\n* At least one entry must be defined, or just remove this list."
                    },
                    "ravines": {
                        "type": "array",
                        "minItems": 1,
                        "items": {"$ref": "#/definitions/obj-com-volmit-iris-engine-object-irisravineplacer"},
                        "description": "ravines\nDefine ravine placers\n   \nList of RavinePlacers (Objects)\n\n    \n* Default Value is an empty list\n* At least one entry must be defined, or just remove this list."
                    },
                    "elipsoids": {
                        "type": "array",
                        "minItems": 1,
                        "items": {"$ref": "#/definitions/obj-com-volmit-iris-engine-object-iriselipsoid"},
                        "description": "elipsoids\nDefine elipsoids\n   \nList of Elipsoids (Objects)\n\n    \n* Default Value is an empty list\n* At least one entry must be defined, or just remove this list."
                    },
                    "spheres": {
                        "type": "array",
                        "minItems": 1,
                        "items": {"$ref": "#/definitions/obj-com-volmit-iris-engine-object-irissphere"},
                        "description": "spheres\nDefine spheres\n   \nList of Spheres (Objects)\n\n    \n* Default Value is an empty list\n* At least one entry must be defined, or just remove this list."
                    },
                    "pyramids": {
                        "type": "array",
                        "minItems": 1,
                        "items": {"$ref": "#/definitions/obj-com-volmit-iris-engine-object-irispyramid"},
                        "description": "pyramids\nDefine pyramids\n   \nList of Pyramids (Objects)\n\n    \n* Default Value is an empty list\n* At least one entry must be defined, or just remove this list."
                    }
                }
            },
            {"type": "string"}
        ]},
        "erzravines": {"enum": [
            "sandstone/main",
            "drip/main",
            "red-sandstone/small",
            "swamp/main",
            "rocky/main",
            "volcanic/small",
            "jungle/main",
            "red-sandstone/main",
            "simple/main",
            "deep/main",
            "sandstone/small",
            "amethyst/main",
            "simple/small",
            "volcanic/main",
            "drip/small",
            "calcite/small",
            "ice/main",
            "mixed-sandstone/main",
            "swamp/small",
            "calcite/main",
            "rocky/small",
            "mixed-sandstone/small"
        ]},
        "erzcaves": {"enum": [
            "lush/tubes",
            "lava/river",
            "sandstone/main",
            "drip/main",
            "swamp/main",
            "lush/huge",
            "jungle/small",
            "ice/huge-branch",
            "sandstone/small",
            "calcite/small",
            "deep/huge-branch",
            "deep/huge",
            "red-sandstone/small",
            "volcanic/small",
            "sculk/huge-branch",
            "ice/huge",
            "sculk/huge",
            "simple/main",
            "deep/main",
            "ice/small",
            "simple/small",
            "sandstone/huge-branch",
            "rocky/tubes",
            "ice/main",
            "sandstone/huge",
            "swamp/small",
            "rocky/small",
            "mixed-sandstone/small",
            "lava/lake",
            "deep/elongated",
            "rocky/main",
            "jungle/main",
            "granite/small",
            "red-sandstone/main",
            "rocky/huge-branch",
            "mountain/ice",
            "drip/small",
            "rocky/huge",
            "huge/volcanic",
            "lush/huge-branch",
            "mixed-sandstone/main",
            "sculk/main",
            "mountain/main",
            "plain/main",
            "crystal/vertus",
            "lava/lake-branch",
            "amethyst/small",
            "volcanic/main",
            "lush/small",
            "lush/main",
            "calcite/main",
            "plain/small"
        ]},
        "enum-snippet-style": {"enum": []},
        "obj-com-volmit-iris-engine-object-iriselipsoid": {"anyOf": [
            {
                "description": "Represents an procedural eliptical shape",
                "type": "object",
                "properties": {
                    "rarity": {
                        "type": "integer",
                        "minimum": 1,
                        "description": "rarity\nTypically a 1 in RARITY on a per fork basis\n   \nInteger\n\n    \n* Default Value is 1\n* Minimum allowed is 1"
                    },
                    "customBiome": {
                        "type": "string",
                        "$ref": "#/definitions/erzbiomes",
                        "description": "customBiome\nForce this cave to only generate the specified custom biome\n   \nIris Biome\n\n    \n* Default Value is \nMust be a valid biomes (use ctrl+space for auto complete!)"
                    },
                    "xRadius": {
                        "anyOf": [
                            {
                                "!required": false,
                                "type": "object",
                                "$ref": "#/definitions/obj-com-volmit-iris-engine-object-irisstyledrange",
                                "description": "xRadius\nThe styled random radius for x\n   \nStyledRange (Object)\nRepresents a range styled with a custom generator\n    \nYou can instead specify \"snippet/style-range/some-name.json\" to use a snippet file instead of specifying it here.\n    \n* Default Value is a default object (create this object to see default properties)"
                            },
                            {
                                "type": "string",
                                "$ref": "#/definitions/enum-snippet-style-range",
                                "description": "xRadius\nThe styled random radius for x\n   \nStyledRange (Object)\nRepresents a range styled with a custom generator\n    \nYou can instead specify \"snippet/style-range/some-name.json\" to use a snippet file instead of specifying it here.\n    \n* Default Value is a default object (create this object to see default properties)"
                            }
                        ],
                        "description": "xRadius\nThe styled random radius for x\n   \nStyledRange (Object)\nRepresents a range styled with a custom generator\n    \nYou can instead specify \"snippet/style-range/some-name.json\" to use a snippet file instead of specifying it here.\n    \n* Default Value is a default object (create this object to see default properties)"
                    },
                    "yRadius": {
                        "anyOf": [
                            {
                                "!required": false,
                                "type": "object",
                                "$ref": "#/definitions/obj-com-volmit-iris-engine-object-irisstyledrange",
                                "description": "yRadius\nThe styled random radius for y\n   \nStyledRange (Object)\nRepresents a range styled with a custom generator\n    \nYou can instead specify \"snippet/style-range/some-name.json\" to use a snippet file instead of specifying it here.\n    \n* Default Value is a default object (create this object to see default properties)"
                            },
                            {
                                "type": "string",
                                "$ref": "#/definitions/enum-snippet-style-range",
                                "description": "yRadius\nThe styled random radius for y\n   \nStyledRange (Object)\nRepresents a range styled with a custom generator\n    \nYou can instead specify \"snippet/style-range/some-name.json\" to use a snippet file instead of specifying it here.\n    \n* Default Value is a default object (create this object to see default properties)"
                            }
                        ],
                        "description": "yRadius\nThe styled random radius for y\n   \nStyledRange (Object)\nRepresents a range styled with a custom generator\n    \nYou can instead specify \"snippet/style-range/some-name.json\" to use a snippet file instead of specifying it here.\n    \n* Default Value is a default object (create this object to see default properties)"
                    },
                    "zRadius": {
                        "anyOf": [
                            {
                                "!required": false,
                                "type": "object",
                                "$ref": "#/definitions/obj-com-volmit-iris-engine-object-irisstyledrange",
                                "description": "zRadius\nThe styled random radius for z\n   \nStyledRange (Object)\nRepresents a range styled with a custom generator\n    \nYou can instead specify \"snippet/style-range/some-name.json\" to use a snippet file instead of specifying it here.\n    \n* Default Value is a default object (create this object to see default properties)"
                            },
                            {
                                "type": "string",
                                "$ref": "#/definitions/enum-snippet-style-range",
                                "description": "zRadius\nThe styled random radius for z\n   \nStyledRange (Object)\nRepresents a range styled with a custom generator\n    \nYou can instead specify \"snippet/style-range/some-name.json\" to use a snippet file instead of specifying it here.\n    \n* Default Value is a default object (create this object to see default properties)"
                            }
                        ],
                        "description": "zRadius\nThe styled random radius for z\n   \nStyledRange (Object)\nRepresents a range styled with a custom generator\n    \nYou can instead specify \"snippet/style-range/some-name.json\" to use a snippet file instead of specifying it here.\n    \n* Default Value is a default object (create this object to see default properties)"
                    }
                }
            },
            {"type": "string"}
        ]},
        "oneof-enum-com-volmit-iris-engine-object-noisestyle": {"oneOf": [
            {
                "const": "STATIC",
                "description": "White Noise is like static. Useful for block scattering but not terrain."
            },
            {
                "const": "STATIC_BILINEAR",
                "description": "White Noise is like static. Useful for block scattering but not terrain."
            },
            {
                "const": "STATIC_BICUBIC",
                "description": "White Noise is like static. Useful for block scattering but not terrain."
            },
            {
                "const": "STATIC_HERMITE",
                "description": "White Noise is like static. Useful for block scattering but not terrain."
            },
            {
                "const": "IRIS",
                "description": "Wispy Perlin-looking simplex noise. The 'iris' style noise."
            },
            {
                "const": "CLOVER",
                "description": "Clover Noise"
            },
            {
                "const": "CLOVER_STARCAST_3",
                "description": "CLOVER noise creates the same noise level for cells, changes noise level on cell borders."
            },
            {
                "const": "CLOVER_STARCAST_6",
                "description": "CLOVER noise creates the same noise level for cells, changes noise level on cell borders."
            },
            {
                "const": "CLOVER_STARCAST_9",
                "description": "CLOVER noise creates the same noise level for cells, changes noise level on cell borders."
            },
            {
                "const": "CLOVER_STARCAST_12",
                "description": "CLOVER noise creates the same noise level for cells, changes noise level on cell borders."
            },
            {
                "const": "CLOVER_BILINEAR_STARCAST_3",
                "description": "CLOVER noise creates the same noise level for cells, changes noise level on cell borders."
            },
            {
                "const": "CLOVER_BILINEAR_STARCAST_6",
                "description": "CLOVER noise creates the same noise level for cells, changes noise level on cell borders."
            },
            {
                "const": "CLOVER_BILINEAR_STARCAST_9",
                "description": "CLOVER noise creates the same noise level for cells, changes noise level on cell borders."
            },
            {
                "const": "CLOVER_BILINEAR_STARCAST_12",
                "description": "CLOVER noise creates the same noise level for cells, changes noise level on cell borders."
            },
            {
                "const": "CLOVER_HERMITE_STARCAST_3",
                "description": "CLOVER noise creates the same noise level for cells, changes noise level on cell borders."
            },
            {
                "const": "CLOVER_HERMITE_STARCAST_6",
                "description": "CLOVER noise creates the same noise level for cells, changes noise level on cell borders."
            },
            {
                "const": "CLOVER_HERMITE_STARCAST_9",
                "description": "CLOVER noise creates the same noise level for cells, changes noise level on cell borders."
            },
            {
                "const": "CLOVER_HERMITE_STARCAST_12",
                "description": "CLOVER noise creates the same noise level for cells, changes noise level on cell borders."
            },
            {
                "const": "CLOVER_BILINEAR",
                "description": "CLOVER noise creates the same noise level for cells, changes noise level on cell borders."
            },
            {
                "const": "CLOVER_BICUBIC",
                "description": "CLOVER noise creates the same noise level for cells, changes noise level on cell borders."
            },
            {
                "const": "CLOVER_HERMITE",
                "description": "CLOVER noise creates the same noise level for cells, changes noise level on cell borders."
            },
            {
                "const": "VASCULAR",
                "description": "Vascular noise gets higher as the position nears a cell border."
            },
            {
                "const": "FLAT",
                "description": "It always returns 0.5"
            },
            {
                "const": "CELLULAR",
                "description": "Cellular noise creates the same noise level for cells, changes noise level on cell borders."
            },
            {
                "const": "CELLULAR_STARCAST_3",
                "description": "Cellular noise creates the same noise level for cells, changes noise level on cell borders."
            },
            {
                "const": "CELLULAR_STARCAST_6",
                "description": "Cellular noise creates the same noise level for cells, changes noise level on cell borders."
            },
            {
                "const": "CELLULAR_STARCAST_9",
                "description": "Cellular noise creates the same noise level for cells, changes noise level on cell borders."
            },
            {
                "const": "CELLULAR_STARCAST_12",
                "description": "Cellular noise creates the same noise level for cells, changes noise level on cell borders."
            },
            {
                "const": "CELLULAR_BILINEAR_STARCAST_3",
                "description": "Cellular noise creates the same noise level for cells, changes noise level on cell borders."
            },
            {
                "const": "CELLULAR_BILINEAR_STARCAST_6",
                "description": "Cellular noise creates the same noise level for cells, changes noise level on cell borders."
            },
            {
                "const": "CELLULAR_BILINEAR_STARCAST_9",
                "description": "Cellular noise creates the same noise level for cells, changes noise level on cell borders."
            },
            {
                "const": "CELLULAR_BILINEAR_STARCAST_12",
                "description": "Cellular noise creates the same noise level for cells, changes noise level on cell borders."
            },
            {
                "const": "CELLULAR_HERMITE_STARCAST_3",
                "description": "Cellular noise creates the same noise level for cells, changes noise level on cell borders."
            },
            {
                "const": "CELLULAR_HERMITE_STARCAST_6",
                "description": "Cellular noise creates the same noise level for cells, changes noise level on cell borders."
            },
            {
                "const": "CELLULAR_HERMITE_STARCAST_9",
                "description": "Cellular noise creates the same noise level for cells, changes noise level on cell borders."
            },
            {
                "const": "CELLULAR_HERMITE_STARCAST_12",
                "description": "Cellular noise creates the same noise level for cells, changes noise level on cell borders."
            },
            {
                "const": "CELLULAR_BILINEAR",
                "description": "Cellular noise creates the same noise level for cells, changes noise level on cell borders."
            },
            {
                "const": "CELLULAR_BICUBIC",
                "description": "Cellular noise creates the same noise level for cells, changes noise level on cell borders."
            },
            {
                "const": "CELLULAR_HERMITE",
                "description": "Cellular noise creates the same noise level for cells, changes noise level on cell borders."
            },
            {
                "const": "NOWHERE",
                "description": "Classic German Engineering"
            },
            {
                "const": "NOWHERE_CELLULAR",
                "description": "Classic German Engineering"
            },
            {
                "const": "NOWHERE_CLOVER",
                "description": "Classic German Engineering"
            },
            {
                "const": "NOWHERE_SIMPLEX",
                "description": "Classic German Engineering"
            },
            {
                "const": "NOWHERE_GLOB",
                "description": "Classic German Engineering"
            },
            {
                "const": "NOWHERE_VASCULAR",
                "description": "Classic German Engineering"
            },
            {
                "const": "NOWHERE_CUBIC",
                "description": "Classic German Engineering"
            },
            {
                "const": "NOWHERE_SUPERFRACTAL",
                "description": "Classic German Engineering"
            },
            {
                "const": "NOWHERE_FRACTAL",
                "description": "Classic German Engineering"
            },
            {
                "const": "IRIS_DOUBLE",
                "description": "Wispy Perlin-looking simplex noise. The 'iris' style noise."
            },
            {
                "const": "IRIS_THICK",
                "description": "Wispy Perlin-looking simplex noise. The 'iris' style noise."
            },
            {
                "const": "IRIS_HALF",
                "description": "Wispy Perlin-looking simplex noise. The 'iris' style noise."
            },
            {
                "const": "SIMPLEX",
                "description": "Basic, Smooth & Fast Simplex noise."
            },
            {
                "const": "FRACTAL_SMOKE",
                "description": "Very Detailed smoke using simplex fractured with fractal billow simplex at high octaves."
            },
            {
                "const": "VASCULAR_THIN",
                "description": "Thinner Veins."
            },
            {
                "const": "SIMPLEX_CELLS",
                "description": "Cells of simplex noise"
            },
            {
                "const": "SIMPLEX_VASCULAR",
                "description": "Veins of simplex noise"
            },
            {
                "const": "FRACTAL_WATER",
                "description": "Very Detailed fluid using simplex fractured with fractal billow simplex at high octaves."
            },
            {
                "const": "PERLIN",
                "description": "Perlin. Like simplex but more natural"
            },
            {
                "const": "PERLIN_IRIS",
                "description": "Perlin. Like simplex but more natural"
            },
            {
                "const": "PERLIN_IRIS_HALF",
                "description": "Perlin. Like simplex but more natural"
            },
            {
                "const": "PERLIN_IRIS_DOUBLE",
                "description": "Perlin. Like simplex but more natural"
            },
            {
                "const": "PERLIN_IRIS_THICK",
                "description": "Perlin. Like simplex but more natural"
            },
            {
                "const": "FRACTAL_BILLOW_PERLIN",
                "description": "Billow Fractal Perlin Noise."
            },
            {
                "const": "BIOCTAVE_FRACTAL_BILLOW_PERLIN",
                "description": "Billow Fractal Perlin Noise. 2 Octaves"
            },
            {
                "const": "FRACTAL_BILLOW_SIMPLEX",
                "description": "Billow Fractal Simplex Noise. Single octave."
            },
            {
                "const": "FRACTAL_FBM_SIMPLEX",
                "description": "FBM Fractal Simplex Noise. Single octave."
            },
            {
                "const": "FRACTAL_BILLOW_IRIS",
                "description": "Billow Fractal Iris Noise. Single octave."
            },
            {
                "const": "FRACTAL_FBM_IRIS",
                "description": "FBM Fractal Iris Noise. Single octave."
            },
            {
                "const": "FRACTAL_BILLOW_IRIS_HALF",
                "description": "Billow Fractal Iris Noise. Single octave."
            },
            {
                "const": "FRACTAL_FBM_IRIS_HALF",
                "description": "FBM Fractal Iris Noise. Single octave."
            },
            {
                "const": "FRACTAL_BILLOW_IRIS_THICK",
                "description": "Billow Fractal Iris Noise. Single octave."
            },
            {
                "const": "FRACTAL_FBM_IRIS_THICK",
                "description": "FBM Fractal Iris Noise. Single octave."
            },
            {
                "const": "FRACTAL_RM_SIMPLEX",
                "description": "Rigid Multi Fractal Simplex Noise. Single octave."
            },
            {
                "const": "BIOCTAVE_FRACTAL_BILLOW_SIMPLEX",
                "description": "Billow Fractal Simplex Noise. 2 octaves."
            },
            {
                "const": "BIOCTAVE_FRACTAL_FBM_SIMPLEX",
                "description": "FBM Fractal Simplex Noise. 2 octaves."
            },
            {
                "const": "BIOCTAVE_FRACTAL_RM_SIMPLEX",
                "description": "Rigid Multi Fractal Simplex Noise. 2 octaves."
            },
            {
                "const": "TRIOCTAVE_FRACTAL_RM_SIMPLEX",
                "description": "Rigid Multi Fractal Simplex Noise. 3 octaves."
            },
            {
                "const": "TRIOCTAVE_FRACTAL_BILLOW_SIMPLEX",
                "description": "Billow Fractal Simplex Noise. 3 octaves."
            },
            {
                "const": "TRIOCTAVE_FRACTAL_FBM_SIMPLEX",
                "description": "FBM Fractal Simplex Noise. 3 octaves."
            },
            {
                "const": "QUADOCTAVE_FRACTAL_RM_SIMPLEX",
                "description": "Rigid Multi Fractal Simplex Noise. 4 octaves."
            },
            {
                "const": "QUADOCTAVE_FRACTAL_BILLOW_SIMPLEX",
                "description": "Billow Fractal Simplex Noise. 4 octaves."
            },
            {
                "const": "QUADOCTAVE_FRACTAL_FBM_SIMPLEX",
                "description": "FBM Fractal Simplex Noise. 4 octaves."
            },
            {
                "const": "QUINTOCTAVE_FRACTAL_RM_SIMPLEX",
                "description": "Rigid Multi Fractal Simplex Noise. 5 octaves."
            },
            {
                "const": "QUINTOCTAVE_FRACTAL_BILLOW_SIMPLEX",
                "description": "Billow Fractal Simplex Noise. 5 octaves."
            },
            {
                "const": "QUINTOCTAVE_FRACTAL_FBM_SIMPLEX",
                "description": "FBM Fractal Simplex Noise. 5 octaves."
            },
            {
                "const": "SEXOCTAVE_FRACTAL_RM_SIMPLEX",
                "description": "Rigid Multi Fractal Simplex Noise. 6 octaves."
            },
            {
                "const": "SEXOCTAVE_FRACTAL_BILLOW_SIMPLEX",
                "description": "Billow Fractal Simplex Noise. 6 octaves."
            },
            {
                "const": "SEXOCTAVE_FRACTAL_FBM_SIMPLEX",
                "description": "FBM Fractal Simplex Noise. 6 octaves."
            },
            {
                "const": "SEPTOCTAVE_FRACTAL_RM_SIMPLEX",
                "description": "Rigid Multi Fractal Simplex Noise. 7 octaves."
            },
            {
                "const": "SEPTOCTAVE_FRACTAL_BILLOW_SIMPLEX",
                "description": "Billow Fractal Simplex Noise. 7 octaves."
            },
            {
                "const": "SEPTOCTAVE_FRACTAL_FBM_SIMPLEX",
                "description": "FBM Fractal Simplex Noise. 7 octaves."
            },
            {
                "const": "OCTOCTAVE_FRACTAL_RM_SIMPLEX",
                "description": "Rigid Multi Fractal Simplex Noise. 8 octaves."
            },
            {
                "const": "OCTOCTAVE_FRACTAL_BILLOW_SIMPLEX",
                "description": "Billow Fractal Simplex Noise. 8 octaves."
            },
            {
                "const": "OCTOCTAVE_FRACTAL_FBM_SIMPLEX",
                "description": "FBM Fractal Simplex Noise. 8 octaves."
            },
            {
                "const": "NONOCTAVE_FRACTAL_RM_SIMPLEX",
                "description": "Rigid Multi Fractal Simplex Noise. 9 octaves."
            },
            {
                "const": "NONOCTAVE_FRACTAL_BILLOW_SIMPLEX",
                "description": "Billow Fractal Simplex Noise. 9 octaves."
            },
            {
                "const": "NONOCTAVE_FRACTAL_FBM_SIMPLEX",
                "description": "FBM Fractal Simplex Noise. 9 octaves."
            },
            {
                "const": "VIGOCTAVE_FRACTAL_RM_SIMPLEX",
                "description": "Rigid Multi Fractal Simplex Noise. 10 octaves."
            },
            {
                "const": "VIGOCTAVE_FRACTAL_BILLOW_SIMPLEX",
                "description": "Billow Fractal Simplex Noise. 10 octaves."
            },
            {
                "const": "VIGOCTAVE_FRACTAL_FBM_SIMPLEX",
                "description": "FBM Fractal Simplex Noise. 10 octaves."
            },
            {
                "const": "BIOCTAVE_SIMPLEX",
                "description": "Basic, Smooth & Fast Simplex noise. Uses 2 octaves"
            },
            {
                "const": "TRIOCTAVE_SIMPLEX",
                "description": "Basic, Smooth & Fast Simplex noise. Uses 3 octaves"
            },
            {
                "const": "QUADOCTAVE_SIMPLEX",
                "description": "Basic, Smooth & Fast Simplex noise. Uses 4 octaves"
            },
            {
                "const": "QUINTOCTAVE_SIMPLEX",
                "description": "Basic, Smooth & Fast Simplex noise. Uses 5 octaves"
            },
            {
                "const": "SEXOCTAVE_SIMPLEX",
                "description": "Basic, Smooth & Fast Simplex noise. Uses 6 octaves"
            },
            {
                "const": "SEPTOCTAVE_SIMPLEX",
                "description": "Basic, Smooth & Fast Simplex noise. Uses 7 octaves"
            },
            {
                "const": "OCTOCTAVE_SIMPLEX",
                "description": "Basic, Smooth & Fast Simplex noise. Uses 8 octaves"
            },
            {
                "const": "NONOCTAVE_SIMPLEX",
                "description": "Basic, Smooth & Fast Simplex noise. Uses 9 octaves"
            },
            {
                "const": "VIGOCTAVE_SIMPLEX",
                "description": "Basic, Smooth & Fast Simplex noise. Uses 10 octaves"
            },
            {
                "const": "GLOB",
                "description": "Glob noise is like cellular, but with globs..."
            },
            {
                "const": "GLOB_IRIS",
                "description": "Glob noise is like cellular, but with globs..."
            },
            {
                "const": "GLOB_IRIS_HALF",
                "description": "Glob noise is like cellular, but with globs..."
            },
            {
                "const": "GLOB_IRIS_DOUBLE",
                "description": "Glob noise is like cellular, but with globs..."
            },
            {
                "const": "GLOB_IRIS_THICK",
                "description": "Glob noise is like cellular, but with globs..."
            },
            {
                "const": "CUBIC",
                "description": "Cubic Noise"
            },
            {
                "const": "FRACTAL_CUBIC",
                "description": "Fractal Cubic Noise"
            },
            {
                "const": "FRACTAL_CUBIC_IRIS",
                "description": "Fractal Cubic Noise With Iris Swirls"
            },
            {
                "const": "FRACTAL_CUBIC_IRIS_THICK",
                "description": "Fractal Cubic Noise With Iris Swirls"
            },
            {
                "const": "FRACTAL_CUBIC_IRIS_HALF",
                "description": "Fractal Cubic Noise With Iris Swirls"
            },
            {
                "const": "FRACTAL_CUBIC_IRIS_DOUBLE",
                "description": "Fractal Cubic Noise With Iris Swirls"
            },
            {
                "const": "BIOCTAVE_FRACTAL_CUBIC",
                "description": "Fractal Cubic Noise, 2 Octaves"
            },
            {
                "const": "TRIOCTAVE_FRACTAL_CUBIC",
                "description": "Fractal Cubic Noise, 3 Octaves"
            },
            {
                "const": "QUADOCTAVE_FRACTAL_CUBIC",
                "description": "Fractal Cubic Noise, 4 Octaves"
            },
            {
                "const": "CUBIC_IRIS",
                "description": "Cubic Noise"
            },
            {
                "const": "CUBIC_IRIS_HALF",
                "description": "Cubic Noise"
            },
            {
                "const": "CUBIC_IRIS_DOUBLE",
                "description": "Cubic Noise"
            },
            {
                "const": "CUBIC_IRIS_THICK",
                "description": "Cubic Noise"
            },
            {
                "const": "CELLULAR_IRIS",
                "description": "Cellular noise creates the same noise level for cells, changes noise level on cell borders. Cells are distorted using Iris styled wispy noise."
            },
            {
                "const": "CELLULAR_IRIS_THICK",
                "description": "Cellular noise creates the same noise level for cells, changes noise level on cell borders. Cells are distorted using Iris styled wispy noise."
            },
            {
                "const": "CELLULAR_IRIS_DOUBLE",
                "description": "Cellular noise creates the same noise level for cells, changes noise level on cell borders. Cells are distorted using Iris styled wispy noise."
            },
            {
                "const": "CELLULAR_IRIS_HALF",
                "description": "Cellular noise creates the same noise level for cells, changes noise level on cell borders. Cells are distorted using Iris styled wispy noise."
            },
            {
                "const": "CELLULAR_HEIGHT",
                "description": "Inverse of vascular, height gets to 1.0 as it approaches the center of a cell"
            },
            {
                "const": "CELLULAR_HEIGHT_IRIS",
                "description": "Inverse of vascular, height gets to 1.0 as it approaches the center of a cell, using the iris style."
            },
            {
                "const": "CELLULAR_HEIGHT_IRIS_DOUBLE",
                "description": "Inverse of vascular, height gets to 1.0 as it approaches the center of a cell, using the iris style."
            },
            {
                "const": "CELLULAR_HEIGHT_IRIS_THICK",
                "description": "Inverse of vascular, height gets to 1.0 as it approaches the center of a cell, using the iris style."
            },
            {
                "const": "CELLULAR_HEIGHT_IRIS_HALF",
                "description": "Inverse of vascular, height gets to 1.0 as it approaches the center of a cell, using the iris style."
            },
            {
                "const": "VASCULAR_IRIS",
                "description": "Vascular noise gets higher as the position nears a cell border. Cells are distorted using Iris styled wispy noise."
            },
            {
                "const": "VASCULAR_IRIS_DOUBLE",
                "description": "Vascular noise gets higher as the position nears a cell border. Cells are distorted using Iris styled wispy noise."
            },
            {
                "const": "VASCULAR_IRIS_THICK",
                "description": "Vascular noise gets higher as the position nears a cell border. Cells are distorted using Iris styled wispy noise."
            },
            {
                "const": "VASCULAR_IRIS_HALF",
                "description": "Vascular noise gets higher as the position nears a cell border. Cells are distorted using Iris styled wispy noise."
            }
        ]},
        "oneof-enum-com-volmit-iris-util-interpolation-interpolationmethod": {"oneOf": [
            {
                "const": "NONE",
                "description": "No interpolation. Nearest Neighbor (bad for terrain, great for performance)."
            },
            {
                "const": "BILINEAR",
                "description": "Uses 4 nearby points in a square to calculate a 2d slope. Very fast but creates square artifacts. See: https://en.wikipedia.org/wiki/Bilinear_interpolation"
            },
            {
                "const": "STARCAST_3",
                "description": "Starcast is Iris's own creation. It uses raytrace checks to find a horizontal boundary nearby. 3 Checks in a circle. Typically starcast is used with another interpolation method. See BILINEAR_STARCAST_9 For example. Starcast is meant to 'break up' large, abrupt cliffs to make cheap interpolation smoother."
            },
            {
                "const": "STARCAST_6",
                "description": "Starcast is Iris's own creation. It uses raytrace checks to find a horizontal boundary nearby. 6 Checks in a circle. Typically starcast is used with another interpolation method. See BILINEAR_STARCAST_9 For example. Starcast is meant to 'break up' large, abrupt cliffs to make cheap interpolation smoother."
            },
            {
                "const": "STARCAST_9",
                "description": "Starcast is Iris's own creation. It uses raytrace checks to find a horizontal boundary nearby. 9 Checks in a circle. Typically starcast is used with another interpolation method. See BILINEAR_STARCAST_9 For example. Starcast is meant to 'break up' large, abrupt cliffs to make cheap interpolation smoother."
            },
            {
                "const": "STARCAST_12",
                "description": "Starcast is Iris's own creation. It uses raytrace checks to find a horizontal boundary nearby. 12 Checks in a circle. Typically starcast is used with another interpolation method. See BILINEAR_STARCAST_9 For example. Starcast is meant to 'break up' large, abrupt cliffs to make cheap interpolation smoother."
            },
            {
                "const": "BILINEAR_STARCAST_3",
                "description": "Uses starcast to break up the abrupt sharp cliffs, then smooths the rest out with bilinear."
            },
            {
                "const": "BILINEAR_STARCAST_6",
                "description": "Uses starcast to break up the abrupt sharp cliffs, then smooths the rest out with bilinear."
            },
            {
                "const": "BILINEAR_STARCAST_9",
                "description": "Uses starcast to break up the abrupt sharp cliffs, then smooths the rest out with bilinear."
            },
            {
                "const": "BILINEAR_STARCAST_12",
                "description": "Uses starcast to break up the abrupt sharp cliffs, then smooths the rest out with bilinear."
            },
            {
                "const": "HERMITE_STARCAST_3",
                "description": "Uses starcast to break up the abrupt sharp cliffs, then smooths the rest out with hermite."
            },
            {
                "const": "HERMITE_STARCAST_6",
                "description": "Uses starcast to break up the abrupt sharp cliffs, then smooths the rest out with hermite."
            },
            {
                "const": "HERMITE_STARCAST_9",
                "description": "Uses starcast to break up the abrupt sharp cliffs, then smooths the rest out with hermite."
            },
            {
                "const": "HERMITE_STARCAST_12",
                "description": "Uses starcast to break up the abrupt sharp cliffs, then smooths the rest out with hermite."
            },
            {
                "const": "BILINEAR_BEZIER",
                "description": "Uses bilinear but on a bezier curve. See: https://en.wikipedia.org/wiki/Bezier_curve"
            },
            {
                "const": "BILINEAR_PARAMETRIC_2",
                "description": "Uses Bilinear but with parametric curves alpha 2."
            },
            {
                "const": "BILINEAR_PARAMETRIC_4",
                "description": "Uses Bilinear but with parametric curves alpha 4."
            },
            {
                "const": "BILINEAR_PARAMETRIC_1_5",
                "description": "Uses Bilinear but with parametric curves alpha 1.5."
            },
            {
                "const": "BICUBIC",
                "description": "Bicubic noise creates 4, 4-point splines for a total of 16 checks. Bcubic can go higher than expected and lower than expected right before a large change in slope."
            },
            {
                "const": "HERMITE",
                "description": "Hermite is similar to bicubic, but faster and it can be tuned a little bit"
            },
            {
                "const": "CATMULL_ROM_SPLINE",
                "description": "Essentially bicubic with zero tension"
            },
            {
                "const": "HERMITE_TENSE",
                "description": "Essentially bicubic with max tension"
            },
            {
                "const": "HERMITE_LOOSE",
                "description": "Hermite is similar to bicubic, this variant reduces the dimple artifacts of bicubic"
            },
            {
                "const": "HERMITE_LOOSE_HALF_POSITIVE_BIAS",
                "description": "Hermite is similar to bicubic, this variant reduces the dimple artifacts of bicubic"
            },
            {
                "const": "HERMITE_LOOSE_HALF_NEGATIVE_BIAS",
                "description": "Hermite is similar to bicubic, this variant reduces the dimple artifacts of bicubic"
            },
            {
                "const": "HERMITE_LOOSE_FULL_POSITIVE_BIAS",
                "description": "Hermite is similar to bicubic, this variant reduces the dimple artifacts of bicubic"
            },
            {
                "const": "HERMITE_LOOSE_FULL_NEGATIVE_BIAS",
                "description": "Hermite is similar to bicubic, this variant reduces the dimple artifacts of bicubic"
            }
        ]},
        "oneof-enum-com-volmit-iris-engine-object-irisimagechannel": {"oneOf": [
            {
                "const": "RED",
                "description": "The red channel of the image"
            },
            {
                "const": "GREEN",
                "description": "Thge green channel of the image"
            },
            {
                "const": "BLUE",
                "description": "The blue channel of the image"
            },
            {
                "const": "SATURATION",
                "description": "The saturation as a channel of the image"
            },
            {
                "const": "HUE",
                "description": "The hue as a channel of the image"
            },
            {
                "const": "BRIGHTNESS",
                "description": "The brightness as a channel of the image"
            },
            {
                "const": "COMPOSITE_ADD_RGB",
                "description": "The composite of RGB as a channel of the image. Takes the average channel value (adding)"
            },
            {
                "const": "COMPOSITE_MUL_RGB",
                "description": "The composite of RGB as a channel of the image. Multiplies the channels"
            },
            {
                "const": "COMPOSITE_MAX_RGB",
                "description": "The composite of RGB as a channel of the image. Picks the highest channel"
            },
            {
                "const": "COMPOSITE_ADD_HSB",
                "description": "The composite of HSB as a channel of the image Takes the average channel value (adding)"
            },
            {
                "const": "COMPOSITE_MUL_HSB",
                "description": "The composite of HSB as a channel of the image Multiplies the channels"
            },
            {
                "const": "COMPOSITE_MAX_HSB",
                "description": "The composite of HSB as a channel of the image Picks the highest channel"
            },
            {
                "const": "RAW",
                "description": "The raw value as a channel (probably doesnt look very good)"
            }
        ]},
        "obj-com-volmit-iris-engine-object-irisworm": {"anyOf": [
            {
                "description": "Generate worms",
                "type": "object",
                "properties": {
                    "xStyle": {
                        "anyOf": [
                            {
                                "!required": false,
                                "type": "object",
                                "$ref": "#/definitions/obj-com-volmit-iris-engine-object-irisshapedgeneratorstyle",
                                "description": "xStyle\nThe style used to determine the curvature of this worm's x\n   \nShapedGeneratorStyle (Object)\nThis represents a generator with a min and max height\n    \nYou can instead specify \"snippet/shaped-style/some-name.json\" to use a snippet file instead of specifying it here.\n    \n* Default Value is a default object (create this object to see default properties)"
                            },
                            {
                                "type": "string",
                                "$ref": "#/definitions/enum-snippet-shaped-style",
                                "description": "xStyle\nThe style used to determine the curvature of this worm's x\n   \nShapedGeneratorStyle (Object)\nThis represents a generator with a min and max height\n    \nYou can instead specify \"snippet/shaped-style/some-name.json\" to use a snippet file instead of specifying it here.\n    \n* Default Value is a default object (create this object to see default properties)"
                            }
                        ],
                        "description": "xStyle\nThe style used to determine the curvature of this worm's x\n   \nShapedGeneratorStyle (Object)\nThis represents a generator with a min and max height\n    \nYou can instead specify \"snippet/shaped-style/some-name.json\" to use a snippet file instead of specifying it here.\n    \n* Default Value is a default object (create this object to see default properties)"
                    },
                    "yStyle": {
                        "anyOf": [
                            {
                                "!required": false,
                                "type": "object",
                                "$ref": "#/definitions/obj-com-volmit-iris-engine-object-irisshapedgeneratorstyle",
                                "description": "yStyle\nThe style used to determine the curvature of this worm's y\n   \nShapedGeneratorStyle (Object)\nThis represents a generator with a min and max height\n    \nYou can instead specify \"snippet/shaped-style/some-name.json\" to use a snippet file instead of specifying it here.\n    \n* Default Value is a default object (create this object to see default properties)"
                            },
                            {
                                "type": "string",
                                "$ref": "#/definitions/enum-snippet-shaped-style",
                                "description": "yStyle\nThe style used to determine the curvature of this worm's y\n   \nShapedGeneratorStyle (Object)\nThis represents a generator with a min and max height\n    \nYou can instead specify \"snippet/shaped-style/some-name.json\" to use a snippet file instead of specifying it here.\n    \n* Default Value is a default object (create this object to see default properties)"
                            }
                        ],
                        "description": "yStyle\nThe style used to determine the curvature of this worm's y\n   \nShapedGeneratorStyle (Object)\nThis represents a generator with a min and max height\n    \nYou can instead specify \"snippet/shaped-style/some-name.json\" to use a snippet file instead of specifying it here.\n    \n* Default Value is a default object (create this object to see default properties)"
                    },
                    "zStyle": {
                        "anyOf": [
                            {
                                "!required": false,
                                "type": "object",
                                "$ref": "#/definitions/obj-com-volmit-iris-engine-object-irisshapedgeneratorstyle",
                                "description": "zStyle\nThe style used to determine the curvature of this worm's z\n   \nShapedGeneratorStyle (Object)\nThis represents a generator with a min and max height\n    \nYou can instead specify \"snippet/shaped-style/some-name.json\" to use a snippet file instead of specifying it here.\n    \n* Default Value is a default object (create this object to see default properties)"
                            },
                            {
                                "type": "string",
                                "$ref": "#/definitions/enum-snippet-shaped-style",
                                "description": "zStyle\nThe style used to determine the curvature of this worm's z\n   \nShapedGeneratorStyle (Object)\nThis represents a generator with a min and max height\n    \nYou can instead specify \"snippet/shaped-style/some-name.json\" to use a snippet file instead of specifying it here.\n    \n* Default Value is a default object (create this object to see default properties)"
                            }
                        ],
                        "description": "zStyle\nThe style used to determine the curvature of this worm's z\n   \nShapedGeneratorStyle (Object)\nThis represents a generator with a min and max height\n    \nYou can instead specify \"snippet/shaped-style/some-name.json\" to use a snippet file instead of specifying it here.\n    \n* Default Value is a default object (create this object to see default properties)"
                    },
                    "maxDistance": {
                        "type": "integer",
                        "description": "maxDistance\nThe max block distance this worm can travel from its start. This can have performance implications at ranges over 1,000 blocks but it's not too serious, test.\n   \nInteger\n\n    \n* Default Value is 128"
                    },
                    "maxIterations": {
                        "type": "integer",
                        "description": "maxIterations\nThe iterations this worm can make\n   \nInteger\n\n    \n* Default Value is 512"
                    },
                    "allowLoops": {
                        "type": "boolean",
                        "description": "allowLoops\nBy default if a worm loops back into itself, it stops at that point and does not continue. This is an optimization, to prevent this turn this option on.\n   \nBoolean\n\n    \n* Default Value is a default object (create this object to see default properties)"
                    },
                    "girth": {
                        "anyOf": [
                            {
                                "!required": false,
                                "type": "object",
                                "$ref": "#/definitions/obj-com-volmit-iris-engine-object-irisstyledrange",
                                "description": "girth\nThe thickness of the worms. Each individual worm has the same thickness while traveling however, each spawned worm will vary in thickness.\n   \nStyledRange (Object)\nRepresents a range styled with a custom generator\n    \nYou can instead specify \"snippet/style-range/some-name.json\" to use a snippet file instead of specifying it here.\n    \n* Default Value is a default object (create this object to see default properties)"
                            },
                            {
                                "type": "string",
                                "$ref": "#/definitions/enum-snippet-style-range",
                                "description": "girth\nThe thickness of the worms. Each individual worm has the same thickness while traveling however, each spawned worm will vary in thickness.\n   \nStyledRange (Object)\nRepresents a range styled with a custom generator\n    \nYou can instead specify \"snippet/style-range/some-name.json\" to use a snippet file instead of specifying it here.\n    \n* Default Value is a default object (create this object to see default properties)"
                            }
                        ],
                        "description": "girth\nThe thickness of the worms. Each individual worm has the same thickness while traveling however, each spawned worm will vary in thickness.\n   \nStyledRange (Object)\nRepresents a range styled with a custom generator\n    \nYou can instead specify \"snippet/style-range/some-name.json\" to use a snippet file instead of specifying it here.\n    \n* Default Value is a default object (create this object to see default properties)"
                    }
                }
            },
            {"type": "string"}
        ]},
        "erzscripts": {"enum": []},
        "obj-com-volmit-iris-engine-object-irisgeneratorstyle": {"anyOf": [
            {
                "description": "A gen style",
                "type": "object",
                "properties": {
                    "style": {
                        "type": "string",
                        "$ref": "#/definitions/oneof-enum-com-volmit-iris-engine-object-noisestyle",
                        "description": "style\nThe chance is 1 in CHANCE per interval\n   \nNoiseStyle\nStyles of noise\n    \n* Default Value is a default object (create this object to see default properties)\nMust be a valid NoiseStyle (use ctrl+space for auto complete!)"
                    },
                    "cellularFrequency": {
                        "type": "number",
                        "description": "cellularFrequency\nIf set above 0, this style will be cellularized\n   \nNumber\n\n    \n* Default Value is 0.0"
                    },
                    "cellularZoom": {
                        "type": "number",
                        "description": "cellularZoom\nCell zooms\n   \nNumber\n\n    \n* Default Value is 1.0"
                    },
                    "zoom": {
                        "type": "number",
                        "minimum": 1.0E-5,
                        "description": "zoom\nThe zoom of this style\n   \nNumber\n\n    \n* Default Value is 1.0\n* Minimum allowed is 1.0E-5"
                    },
                    "expression": {
                        "type": "string",
                        "$ref": "#/definitions/erzexpressions",
                        "description": "expression\nInstead of using the style property, use a custom expression to represent this style.\n   \nIris Expression\n\nMust be a valid expressions (use ctrl+space for auto complete!)"
                    },
                    "imageMap": {
                        "anyOf": [
                            {
                                "!required": false,
                                "type": "object",
                                "$ref": "#/definitions/obj-com-volmit-iris-engine-object-irisimagemap",
                                "description": "imageMap\nUse an Image map instead of a generated value\n   \nImageMap (Object)\nRepresents an image map\n    \nYou can instead specify \"snippet/carving/some-name.json\" to use a snippet file instead of specifying it here."
                            },
                            {
                                "type": "string",
                                "$ref": "#/definitions/enum-snippet-carving",
                                "description": "imageMap\nUse an Image map instead of a generated value\n   \nImageMap (Object)\nRepresents an image map\n    \nYou can instead specify \"snippet/carving/some-name.json\" to use a snippet file instead of specifying it here."
                            }
                        ],
                        "description": "imageMap\nUse an Image map instead of a generated value\n   \nImageMap (Object)\nRepresents an image map\n    \nYou can instead specify \"snippet/carving/some-name.json\" to use a snippet file instead of specifying it here."
                    },
                    "multiplier": {
                        "type": "number",
                        "minimum": 1.0E-5,
                        "description": "multiplier\nThe Output multiplier. Only used if parent is fracture.\n   \nNumber\n\n    \n* Default Value is 1.0\n* Minimum allowed is 1.0E-5"
                    },
                    "axialFracturing": {
                        "type": "boolean",
                        "description": "axialFracturing\nIf set to true, each dimension will be fractured with a different order of input coordinates. This is usually 2 or 3 times slower than normal.\n   \nBoolean\n\n    \n* Default Value is a default object (create this object to see default properties)"
                    },
                    "fracture": {
                        "anyOf": [
                            {
                                "!required": false,
                                "type": "object",
                                "$ref": "#/definitions/obj-com-volmit-iris-engine-object-irisgeneratorstyle",
                                "description": "fracture\nApply a generator to the coordinate field fed into this parent generator. I.e. Distort your generator with another generator.\n   \nGeneratorStyle (Object)\nA gen style\n    \nYou can instead specify \"snippet/style/some-name.json\" to use a snippet file instead of specifying it here."
                            },
                            {
                                "type": "string",
                                "$ref": "#/definitions/enum-snippet-style",
                                "description": "fracture\nApply a generator to the coordinate field fed into this parent generator. I.e. Distort your generator with another generator.\n   \nGeneratorStyle (Object)\nA gen style\n    \nYou can instead specify \"snippet/style/some-name.json\" to use a snippet file instead of specifying it here."
                            }
                        ],
                        "description": "fracture\nApply a generator to the coordinate field fed into this parent generator. I.e. Distort your generator with another generator.\n   \nGeneratorStyle (Object)\nA gen style\n    \nYou can instead specify \"snippet/style/some-name.json\" to use a snippet file instead of specifying it here."
                    },
                    "exponent": {
                        "type": "number",
                        "minimum": 0.01562,
                        "maximum": 64,
                        "description": "exponent\nThe exponent\n   \nNumber\n\n    \n* Default Value is 1.0\n* Minimum allowed is 0.01562\n* Maximum allowed is 64.0"
                    },
                    "cacheSize": {
                        "type": "integer",
                        "minimum": 0,
                        "maximum": 8192,
                        "description": "cacheSize\nIf the cache size is set above 0, this generator will be cached\n   \nInteger\n\n    \n* Default Value is 0\n* Minimum allowed is 0\n* Maximum allowed is 8192"
                    }
                }
            },
            {"type": "string"}
        ]},
        "erzbiomes": {"enum": [
            "carving/ice-huge",
            "carving/ice-lite",
            "carving/ice-mountain",
            "carving/amethyst",
            "ocean/shore/beach",
            "savanna/savanna",
            "carving/drip",
            "carving/ice",
            "carving/mixed-sandstone",
            "mesa/plateau",
            "ocean/warm",
            "hot/shore/beach",
            "temperate/flower-forest",
            "carving/mountain-caves",
            "frozen/sea/ocean",
            "temperate/osaka-red-forest",
            "carving/red-sandstone",
            "hot/ash-desert",
            "mesa/cliffs",
            "mesa/valleys",
            "frozen/pines-extended",
            "hot/shore/beach-grass",
            "mesa/green",
            "mesa/shore/beach",
            "frozen/spruce-hills-extended",
            "savanna/cliff",
            "temperate/sea/ocean-deep",
            "carving/sandstone",
            "temperate/shore/beach",
            "carving/sculk-huge",
            "frozen/vander",
            "frozen/spruce-plains",
            "savanna/forest",
            "hot/desert-dunes-red",
            "temperate/crystal-forest",
            "hot/sea/ocean-cliffs",
            "temperate/sea/ocean",
            "temperate/shore/oak-beach",
            "mesa/dark",
            "hot/sea/ocean",
            "mesa/blue",
            "mesa/yellow",
            "carving/ice-ravine",
            "frozen/mountains",
            "frozen/sea/river",
            "carving/lava",
            "savanna/shore/beach",
            "hot/mountain-plains",
            "temperate/stranged-plains",
            "carving/vertus-crystal",
            "carving/deep",
            "carving/swamp",
            "frozen/sea/frozen-parent-river",
            "frozen/shore/beach",
            "carving/lush-huge",
            "carving/rocky-huge",
            "frozen/pine-hills",
            "ocean/deep",
            "frozen/redwood-forest-extended",
            "frozen/ice-spikes",
            "frozen/plains",
            "frozen/redwood-forest",
            "frozen/hills-extended",
            "mesa/plateau-dirt-high",
            "mesa/red",
            "temperate/pumpkin-plains",
            "frozen/mountain-cliffs-extended",
            "temperate/flower-forest-extended",
            "temperate/oak-forest",
            "temperate/birch-forest",
            "temperate/oak-forest-extended",
            "carving/calcite",
            "carving/sandstone-huge",
            "hot/desert-dunes",
            "temperate/meadows",
            "carving/lush",
            "carving/rocky",
            "carving/deepslate-huge",
            "temperate/birch-thin",
            "hot/mountain-middle",
            "frozen/sea/frozen-river-ice",
            "mesa/plateau-high",
            "savanna/plateau",
            "carving/granite",
            "frozen/pines",
            "frozen/mountain",
            "temperate/sea/river",
            "carving/drip-lite",
            "hot/mountain",
            "carving/deepravine",
            "mesa/plateau-dirt",
            "hot/mountain-cliffs",
            "carving/plain",
            "hot/oasis",
            "frozen/peak",
            "carving/sculk",
            "temperate/plains",
            "hot/sea/river",
            "frozen/hills",
            "frozen/mountain-extended",
            "frozen/pine-plains",
            "mesa/mesa",
            "carving/deepslate",
            "carving/volcanic",
            "frozen/mountain-cliffs",
            "savanna/cliff-extended",
            "ocean/ocean",
            "savanna/acacia-denmyre",
            "mesa/sea/river",
            "temperate/birch-forest-extended",
            "frozen/spruce-hills",
            "ocean/warm-bottom",
            "carving/jungle"
        ]},
        "enum-snippet-carving": {"enum": []},
        "obj-com-volmit-iris-engine-object-irisshapedgeneratorstyle": {"anyOf": [
            {
                "description": "This represents a generator with a min and max height",
                "type": "object",
                "properties": {
                    "generator": {
                        "anyOf": [
                            {
                                "!required": true,
                                "type": "object",
                                "$ref": "#/definitions/obj-com-volmit-iris-engine-object-irisgeneratorstyle",
                                "description": "generator\nThe generator id\n   \nGeneratorStyle (Object)\nA gen style\n    \nYou can instead specify \"snippet/style/some-name.json\" to use a snippet file instead of specifying it here.\n    \n* Default Value is a default object (create this object to see default properties)"
                            },
                            {
                                "type": "string",
                                "$ref": "#/definitions/enum-snippet-style",
                                "description": "generator\nThe generator id\n   \nGeneratorStyle (Object)\nA gen style\n    \nYou can instead specify \"snippet/style/some-name.json\" to use a snippet file instead of specifying it here.\n    \n* Default Value is a default object (create this object to see default properties)"
                            }
                        ],
                        "description": "generator\nThe generator id\n   \nGeneratorStyle (Object)\nA gen style\n    \nYou can instead specify \"snippet/style/some-name.json\" to use a snippet file instead of specifying it here.\n    \n* Default Value is a default object (create this object to see default properties)"
                    },
                    "min": {
                        "type": "integer",
                        "minimum": -2032,
                        "maximum": 2032,
                        "description": "min\nThe min block value\n   \nInteger\n\n    \n* Default Value is 0\n* Minimum allowed is -2032\n* Maximum allowed is 2032"
                    },
                    "max": {
                        "type": "integer",
                        "minimum": -2032,
                        "maximum": 2032,
                        "description": "max\nThe max block value\n   \nInteger\n\n    \n* Default Value is 0\n* Minimum allowed is -2032\n* Maximum allowed is 2032"
                    }
                }
            },
            {"type": "string"}
        ]},
        "erzexpressions": {"enum": []},
        "erzimages": {"enum": [
            "closedrivermap",
            "rivermap",
            "circlemap",
            "testmap"
        ]},
        "enum-snippet-style-range": {"enum": []},
        "obj-com-volmit-iris-engine-object-irisstyledrange": {"anyOf": [
            {
                "description": "Represents a range styled with a custom generator",
                "type": "object",
                "properties": {
                    "min": {
                        "type": "number",
                        "description": "min\nThe minimum value\n   \nNumber\n\n    \n* Default Value is 16.0"
                    },
                    "max": {
                        "type": "number",
                        "description": "max\nThe maximum value\n   \nNumber\n\n    \n* Default Value is 32.0"
                    },
                    "style": {
                        "anyOf": [
                            {
                                "!required": false,
                                "type": "object",
                                "$ref": "#/definitions/obj-com-volmit-iris-engine-object-irisgeneratorstyle",
                                "description": "style\nThe style to pick the range\n   \nGeneratorStyle (Object)\nA gen style\n    \nYou can instead specify \"snippet/style/some-name.json\" to use a snippet file instead of specifying it here.\n    \n* Default Value is a default object (create this object to see default properties)"
                            },
                            {
                                "type": "string",
                                "$ref": "#/definitions/enum-snippet-style",
                                "description": "style\nThe style to pick the range\n   \nGeneratorStyle (Object)\nA gen style\n    \nYou can instead specify \"snippet/style/some-name.json\" to use a snippet file instead of specifying it here.\n    \n* Default Value is a default object (create this object to see default properties)"
                            }
                        ],
                        "description": "style\nThe style to pick the range\n   \nGeneratorStyle (Object)\nA gen style\n    \nYou can instead specify \"snippet/style/some-name.json\" to use a snippet file instead of specifying it here.\n    \n* Default Value is a default object (create this object to see default properties)"
                    }
                }
            },
            {"type": "string"}
        ]}
    }
}
