{
    "name": "Savanna Acacia Denmyre",
    "color": "#DC913D",
    "rarity": 1,
    "derivative": "DESERT",
    "vanillaDerivative": "SAVANNA",
    "customDerivitives": [{
        "category": "savanna",
        "id": "savanna_acacia_denmyre",
        "grassColor": "#DFD545",
        "foliageColor": "#D6A513",
        "waterColor": "#33CB99",
        "downfallType": "none"
    }],
    "generators": [{
        "min": 4,
        "max": 7,
        "generator": "plain"
    }],
    "wall": {
        "style": {"style": "STATIC"},
        "palette": [
            {"block": "minecraft:stone"},
            {"block": "minecraft:andesite"},
            {"block": "minecraft:stone"}
        ]
    },
    "features": [{
        "zone": {
            "interpolationRadius": 3,
            "interpolator": "BILINEAR_STARCAST_6"
        }
    }],
    "layers": [
        {
            "style": {"style": "FLAT"},
            "palette": [{"block": "minecraft:grass_block"}]
        },
        {"palette": [{"block": "minecraft:dirt"}]},
        {
            "minHeight": 1,
            "maxHeight": 3,
            "palette": [{"block": "minecraft:coarse_dirt"}]
        },
        {
            "minHeight": 6,
            "maxHeight": 18,
            "style": {"style": "STATIC"},
            "palette": [
                {"block": "minecraft:stone"},
                {"block": "minecraft:andesite"},
                {"block": "minecraft:stone"}
            ]
        }
    ],
    "jigsawStructures": [
        {
            "rarity": 1700,
            "structure": "pillager-outpost"
        },
        {
            "structure": "village-savanna",
            "rarity": 1500
        }
    ],
    "objects": [{
        "chance": 0.5,
        "density": 2,
        "edit": [{
            "find": [{"block": "minecraft:acacia_planks"}],
            "replace": {"palette": [{"block": "minecraft:stripped_acacia_wood"}]}
        }],
        "rotation": {
            "yAxis": {
                "min": 0,
                "max": 0,
                "interval": 90,
                "enabled": true
            },
            "enabled": true
        },
        "place": [
            "trees/acacia/denmyre1",
            "trees/acacia/denmyre2",
            "trees/acacia/denmyre3",
            "trees/acacia/denmyre4",
            "trees/acacia/denmyre5",
            "trees/acacia/denmyre6",
            "trees/acacia/denmyre7"
        ],
        "translate": {
            "x": 0,
            "y": -1,
            "z": 0
        }
    }],
    "decorators": [
        {
            "chance": 0.1,
            "variance": {"style": "STATIC"},
            "zoom": 0.01,
            "palette": [
                {
                    "weight": 4,
                    "block": "minecraft:dead_bush"
                },
                {"block": "minecraft:brown_mushroom"}
            ],
            "style": {"style": "STATIC"}
        },
        {
            "chance": 0.001,
            "variance": {"style": "STATIC"},
            "stackMax": 2,
            "style": {"style": "STATIC"},
            "palette": [{"block": "minecraft:cactus"}],
            "stackMin": 1
        },
        {
            "chance": 0.4,
            "variance": {"style": "STATIC"},
            "zoom": 0.3,
            "palette": [{"block": "minecraft:grass"}],
            "style": {"style": "STATIC"}
        },
        {
            "chance": 0.03,
            "variance": {"style": "STATIC"},
            "zoom": 0.3,
            "palette": [
                {
                    "data": {
                        "face": "floor",
                        "powered": false,
                        "facing": "east"
                    },
                    "block": "minecraft:stone_button"
                },
                {
                    "data": {
                        "face": "floor",
                        "powered": false,
                        "facing": "south"
                    },
                    "block": "minecraft:stone_button"
                }
            ],
            "style": {"style": "STATIC"}
        },
        {
            "chance": 0.017,
            "variance": {"style": "STATIC"},
            "zoom": 0.3,
            "palette": [{"block": "minecraft:tall_grass"}],
            "style": {"style": "STATIC"}
        }
    ]
}
