{
    "name": "Savanna Forest",
    "color": "#B06F27",
    "rarity": 1,
    "derivative": "SAVANNA",
    "vanillaDerivative": "SAVANNA",
    "biomeScatter": [
        "SAVANNA",
        "DESERT"
    ],
    "customDerivitives": [{
        "category": "savanna",
        "id": "savanna_forest",
        "grassColor": "#E2EF3B",
        "foliageColor": "#D6A513",
        "waterColor": "#33CB99",
        "downfallType": "none"
    }],
    "generators": [{
        "min": 7,
        "max": 10,
        "generator": "plain"
    }],
    "biomeZoom": 20,
    "biomeStyle": {"style": "SIMPLEX"},
    "wall": {
        "style": {"style": "STATIC"},
        "palette": [
            {"block": "minecraft:stone"},
            {"block": "minecraft:andesite"},
            {"block": "minecraft:stone"}
        ]
    },
    "features": [{
        "zone": {
            "interpolationRadius": 3,
            "interpolator": "BILINEAR_STARCAST_6"
        }
    }],
    "layers": [
        {
            "style": {"style": "STATIC"},
            "zoom": 0.75,
            "palette": [
                {
                    "weight": 2,
                    "block": "minecraft:grass_block"
                }
            ]
        },
        {
            "minHeight": 2,
            "maxHeight": 4,
            "palette": [{"block": "minecraft:dirt"}]
        },
        {
            "minHeight": 6,
            "maxHeight": 18,
            "style": {"style": "STATIC"},
            "palette": [
                {"block": "minecraft:stone"},
                {"block": "minecraft:andesite"},
                {"block": "minecraft:stone"}
            ]
        }
    ],
    "jigsawStructures": [
        {
            "rarity": 1700,
            "structure": "pillager-outpost"
        },
        {
            "structure": "village-savanna",
            "rarity": 1500
        }
    ],
    "objects": [
        {
            "place": [
                "trees/acacia/vexed1",
                "trees/acacia/vexed2",
                "trees/acacia/vexed3"
            ],
            "chance": 0.8,
            "edit": [{
                "find": [{"block": "minecraft:acacia_planks"}],
                "replace": {"palette": [{
                    "block": "minecraft:acacia_wood",
                    "data": {"axis": "y"}
                }]}
            }]
        },
        {
            "chance": 0.05,
            "rotation": {
                "yAxis": {
                    "min": 0,
                    "max": 0,
                    "interval": 90,
                    "enabled": true
                },
                "enabled": true
            },
            "place": [
                "clutter/hay1",
                "clutter/hay3",
                "clutter/hay2"
            ],
            "translate": {
                "x": 0,
                "y": 1,
                "z": 0
            }
        },
        {
            "chance": 0.05,
            "rotation": {
                "yAxis": {
                    "min": 0,
                    "max": 0,
                    "interval": 90,
                    "enabled": true
                },
                "enabled": true
            },
            "place": [
                "clutter/hay1",
                "clutter/hay3",
                "clutter/hay2"
            ]
        }
    ],
    "decorators": [
        {
            "chance": 0.00435,
            "variance": {"style": "STATIC"},
            "zoom": 0.3,
            "palette": [
                {
                    "data": {
                        "face": "floor",
                        "powered": false,
                        "facing": "east"
                    },
                    "block": "minecraft:stone_button"
                },
                {
                    "data": {
                        "face": "floor",
                        "powered": false,
                        "facing": "south"
                    },
                    "block": "minecraft:stone_button"
                }
            ],
            "style": {"style": "STATIC"}
        },
        {
            "chance": 0.092,
            "variance": {"style": "STATIC"},
            "zoom": 0.3,
            "palette": [{"block": "minecraft:dead_bush"}],
            "style": {"style": "STATIC"}
        },
        {
            "chance": 0.1,
            "variance": {"style": "STATIC"},
            "zoom": 0.5,
            "palette": [
                {"block": "minecraft:grass"},
                {"block": "minecraft:tall_grass"}
            ],
            "style": {"style": "STATIC"}
        },
        {
            "chance": 1.0E-6,
            "variance": {"style": "STATIC"},
            "zoom": 0.3,
            "palette": [
                {
                    "weight": 8,
                    "block": "minecraft:air"
                },
                {"block": "minecraft:pumpkin"},
                {
                    "weight": 4,
                    "block": "minecraft:air"
                },
                {"block": "minecraft:carved_pumpkin"},
                {
                    "weight": 8,
                    "block": "minecraft:air"
                }
            ],
            "style": {"style": "STATIC"}
        }
    ],
    "biomeSkyScatter": ["DESERT"]
}
