{
    "name": "Savanna Plateau",
    "color": "#9E621E",
    "rarity": 1,
    "derivative": "SAVANNA_PLATEAU",
    "vanillaDerivative": "SAVANNA",
    "biomeScatter": [
        "SAVANNA",
        "DESERT"
    ],
    "customDerivitives": [{
        "category": "savanna",
        "id": "savanna_plateau",
        "grassColor": "#FFCB31",
        "foliageColor": "#D6A513",
        "waterColor": "#33CB99",
        "downfallType": "none"
    }],
    "generators": [{
        "min": 13,
        "max": 26,
        "generator": "mountain"
    }],
    "biomeZoom": 60,
    "biomeStyle": {"style": "SIMPLEX"},
    "wall": {
        "style": {"style": "STATIC"},
        "palette": [
            {"block": "minecraft:stone"},
            {"block": "minecraft:andesite"},
            {"block": "minecraft:stone"}
        ]
    },
    "features": [{
        "zone": {
            "interpolationRadius": 3,
            "interpolator": "BILINEAR_STARCAST_6"
        }
    }],
    "layers": [
        {
            "minHeight": 3,
            "maxHeight": 5,
            "slopeCondition": {"minimumSlope": 6.9},
            "palette": [{"block": "minecraft:granite"}]
        },
        {
            "minHeight": 3,
            "maxHeight": 5,
            "slopeCondition": {"minimumSlope": 4.6},
            "palette": [
                {"block": "minecraft:coarse_dirt"},
                {"block": "minecraft:gravel"}
            ]
        },
        {
            "style": {"style": "STATIC"},
            "zoom": 0.75,
            "palette": [{"block": "minecraft:grass_block"}]
        },
        {
            "minHeight": 2,
            "maxHeight": 4,
            "palette": [{"block": "minecraft:dirt"}]
        },
        {
            "minHeight": 6,
            "maxHeight": 18,
            "style": {"style": "STATIC"},
            "palette": [
                {"block": "minecraft:stone"},
                {"block": "minecraft:andesite"},
                {"block": "minecraft:stone"}
            ]
        }
    ],
    "jigsawStructures": [
        {
            "rarity": 1700,
            "structure": "pillager-outpost"
        },
        {
            "structure": "village-savanna",
            "rarity": 1500
        }
    ],
    "objects": [
        {
            "chance": 0.00175,
            "rotation": {
                "yAxis": {
                    "min": 0,
                    "max": 0,
                    "interval": 90,
                    "enabled": true
                },
                "enabled": true
            },
            "place": ["clutter/camp1"]
        },
        {
            "mode": "PAINT",
            "chance": 0.005,
            "rotation": {
                "yAxis": {
                    "min": 0,
                    "max": 0,
                    "interval": 90,
                    "enabled": true
                },
                "enabled": true
            },
            "place": ["clutter/bincluster1"]
        },
        {
            "chance": 0.07,
            "rotation": {
                "yAxis": {
                    "min": 0,
                    "max": 0,
                    "interval": 90,
                    "enabled": true
                },
                "enabled": true
            },
            "place": [
                "trees/acacia/savannaD1",
                "trees/acacia/savannaD2",
                "trees/acacia/savannaD3"
            ]
        },
        {
            "chance": 0.2,
            "rotation": {
                "yAxis": {
                    "min": 0,
                    "max": 0,
                    "interval": 90,
                    "enabled": true
                },
                "enabled": true
            },
            "place": [
                "trees/acacia/savannaF1",
                "trees/acacia/savannaF2",
                "trees/acacia/savannaF3",
                "trees/acacia/savannaF4",
                "trees/acacia/savannaF5",
                "trees/acacia/savannaF6",
                "trees/acacia/savannaF7",
                "trees/acacia/savannaF8",
                "trees/acacia/savannaF9",
                "trees/acacia/savannaF10",
                "trees/acacia/savannaF11",
                "trees/acacia/savannaF13",
                "trees/acacia/savannaF14"
            ],
            "translate": {
                "x": 0,
                "y": -1,
                "z": 0
            }
        },
        {
            "chance": 0.04,
            "rotation": {
                "yAxis": {
                    "min": 0,
                    "max": 0,
                    "interval": 90,
                    "enabled": true
                },
                "enabled": true
            },
            "place": [
                "trees/acacia/savannaS1",
                "trees/acacia/savannaS2",
                "trees/acacia/savannaS3",
                "trees/acacia/savannaS4",
                "trees/acacia/savannaS5",
                "trees/acacia/savannaS6",
                "trees/acacia/savannaS7",
                "trees/acacia/savannaS8",
                "trees/acacia/savannas9",
                "trees/acacia/savannas10",
                "trees/acacia/savannas11",
                "trees/acacia/savannas12"
            ]
        },
        {
            "chance": 0.1,
            "rotation": {
                "yAxis": {
                    "min": 0,
                    "max": 0,
                    "interval": 90,
                    "enabled": true
                },
                "enabled": true
            },
            "place": [
                "clutter/savrock1",
                "clutter/savrock2",
                "clutter/savrock3",
                "clutter/savrock4",
                "clutter/savrock5",
                "clutter/savrock6",
                "clutter/savrock7",
                "clutter/savrock8"
            ]
        }
    ],
    "decorators": [
        {
            "chance": 0.001,
            "variance": {"style": "STATIC"},
            "zoom": 0.3,
            "palette": [{"block": "minecraft:dead_bush"}],
            "style": {"style": "STATIC"}
        },
        {
            "chance": 0.001,
            "variance": {"style": "STATIC"},
            "stackMax": 2,
            "style": {"style": "STATIC"},
            "palette": [{"block": "minecraft:cactus"}],
            "stackMin": 1
        },
        {
            "chance": 0.3,
            "variance": {"style": "STATIC"},
            "zoom": 0.3,
            "palette": [{"block": "minecraft:grass"}],
            "style": {"style": "STATIC"}
        },
        {
            "chance": 0.01,
            "variance": {"style": "STATIC"},
            "zoom": 0.3,
            "palette": [{"block": "minecraft:tall_grass"}],
            "style": {"style": "STATIC"}
        }
    ],
    "biomeSkyScatter": [
        "DESERT",
        "SAVANNA"
    ]
}
