{
    "name": "Temperate Oak Beach",
    "color": "#8D8F70",
    "rarity": 1,
    "derivative": "DEEP_LUKEWARM_OCEAN",
    "vanillaDerivative": "FOREST",
    "biomeScatter": [
        "FOREST",
        "PLAINS"
    ],
    "generators": [{
        "min": 0,
        "max": 0,
        "generator": "mountain"
    }],
    "biomeZoom": 60,
    "biomeStyle": {"style": "SIMPLEX"},
    "wall": {
        "style": {"style": "STATIC"},
        "palette": [
            {"block": "minecraft:stone"},
            {"block": "minecraft:andesite"},
            {"block": "minecraft:stone"}
        ]
    },
    "layers": [
        {
            "style": {"style": "STATIC"},
            "palette": [{"block": "minecraft:sand"}]
        },
        {"palette": [{"block": "minecraft:dirt"}]},
        {
            "minHeight": 1,
            "maxHeight": 3,
            "palette": [
                {"block": "minecraft:dirt"},
                {"block": "minecraft:coarse_dirt"}
            ]
        },
        {
            "minHeight": 6,
            "maxHeight": 18,
            "style": {"style": "STATIC"},
            "palette": [
                {"block": "minecraft:stone"},
                {"block": "minecraft:andesite"},
                {"block": "minecraft:stone"}
            ]
        }
    ],
    "jigsawStructures": [
        {
            "rarity": 1700,
            "structure": "pillager-outpost"
        },
        {
            "rarity": 1500,
            "structure": "village-plains"
        }
    ],
    "objects": [
        {
            "chance": 0.001,
            "rotation": {
                "yAxis": {
                    "min": 0,
                    "max": 0,
                    "interval": 90,
                    "enabled": true
                },
                "enabled": true
            },
            "place": [
                "clutter/obelisk1",
                "clutter/obelisk2",
                "clutter/obelisk3",
                "clutter/obelisk4",
                "clutter/obelisk5",
                "clutter/obelisk6",
                "clutter/obelisk7"
            ]
        },
        {
            "chance": 0.001,
            "rotation": {
                "yAxis": {
                    "min": 0,
                    "max": 0,
                    "interval": 90,
                    "enabled": true
                },
                "enabled": true
            },
            "place": [
                "clutter/literalgarbage1",
                "clutter/literalgarbage2",
                "clutter/literalgarbage3",
                "clutter/literalgarbage4"
            ]
        }
    ],
    "decorators": [
        {
            "chance": 0.01,
            "variance": {"style": "STATIC"},
            "palette": [
                {"block": "minecraft:white_tulip"},
                {"block": "minecraft:allium"},
                {"block": "minecraft:lily_of_the_valley"}
            ]
        },
        {
            "chance": 0.35,
            "variance": {"style": "STATIC"},
            "zoom": 0.3,
            "palette": [{"block": "minecraft:grass"}],
            "style": {"style": "STATIC"}
        }
    ]
}
