{
    "fill": {"block": "minecraft:cave_air"},
    "verticalRange": {
        "max": 20,
        "min": 0
    },
    "customBiome": "carving/lava",
    "worm": {
        "girth": {
            "max": 11,
            "min": 8,
            "style": {"style": "NOWHERE"}
        },
        "maxDistance": 750,
        "yStyle": {
            "min": -1,
            "max": 1,
            "generator": {
                "zoom": 1,
                "style": "NOWHERE"
            }
        },
        "xStyle": {
            "min": -40,
            "max": 40,
            "generator": {
                "zoom": 0.4,
                "style": "NOWHERE"
            }
        },
        "zStyle": {
            "min": -40,
            "max": 40,
            "generator": {
                "zoom": 0.4,
                "style": "NOWHERE"
            }
        }
    }
}
