{
    "object": "custom/mineshaft/way_lantern",
    "connectors": [
        {
            "name": "",
            "targetName": "*",
            "innerConnector": false,
            "pools": ["mineshaft_wide/way"],
            "keepEntity": false,
            "entityCount": 1,
            "position": {
                "x": -1,
                "y": -2,
                "z": -2
            },
            "direction": "NORTH_NEGATIVE_Z"
        },
        {
            "name": "",
            "targetName": "*",
            "innerConnector": false,
            "pools": ["mineshaft_wide/way"],
            "keepEntity": false,
            "entityCount": 1,
            "position": {
                "x": -1,
                "y": -2,
                "z": 1
            },
            "direction": "SOUTH_POSITIVE_Z"
        }
    ],
    "preprocessors": []
}
