{
    "name": "Birch Forest",
    "color": "#A8F588",
    "rarity": 4,
    "derivative": "BIRCH_FOREST",
    "vanillaDerivative": "BIRCH_FOREST",
    "children": [
        "temperate/birch-thin",
        "temperate/birch-forest-extended"
    ],
    "generators": [
        {
            "min": 5,
            "max": 12,
            "generator": "highplains"
        },
        {
            "min": 0,
            "max": 50,
            "generator": "rare-hills"
        }
    ],
    "biomeZoom": 50,
    "biomeStyle": {"style": "SIMPLEX"},
    "wall": {
        "style": {"style": "STATIC"},
        "palette": [
            {"block": "minecraft:stone"},
            {"block": "minecraft:andesite"},
            {"block": "minecraft:stone"}
        ]
    },
    "layers": [
        {
            "style": {"style": "STATIC"},
            "zoom": 0.656,
            "palette": [
                {
                    "weight": 19,
                    "block": "minecraft:grass_block"
                },
                {"block": "minecraft:gravel"},
                {
                    "weight": 19,
                    "block": "minecraft:grass_block"
                }
            ]
        },
        {"palette": [{"block": "minecraft:dirt"}]},
        {
            "minHeight": 1,
            "maxHeight": 3,
            "palette": [
                {"block": "minecraft:dirt"},
                {"block": "minecraft:coarse_dirt"}
            ]
        },
        {
            "minHeight": 6,
            "maxHeight": 18,
            "style": {"style": "STATIC"},
            "palette": [
                {"block": "minecraft:stone"},
                {"block": "minecraft:andesite"},
                {"block": "minecraft:stone"}
            ]
        }
    ],
    "jigsawStructures": [
        {
            "rarity": 1700,
            "structure": "pillager-outpost"
        },
        {
            "rarity": 1500,
            "structure": "village-plains"
        }
    ],
    "objects": [
        {
            "chance": 1,
            "density": 4,
            "rotation": {
                "yAxis": {
                    "min": 0,
                    "max": 0,
                    "interval": 90,
                    "enabled": true
                },
                "enabled": true
            },
            "place": [
                "trees/birch/antioch3",
                "trees/birch/antioch4",
                "trees/birch/antioch5",
                "trees/birch/antioch6",
                "trees/birch/antioch7",
                "trees/birch/antioch8",
                "trees/birch/antioch9",
                "trees/birch/antioch10",
                "trees/birch/antioch11",
                "trees/birch/antioch12",
                "trees/birch/antioch13"
            ]
        },
        {
            "chance": 0.08,
            "density": 4,
            "rotation": {
                "yAxis": {
                    "min": 0,
                    "max": 0,
                    "interval": 90,
                    "enabled": true
                },
                "enabled": true
            },
            "place": [
                "trees/birch/forest1",
                "trees/birch/forest2",
                "trees/birch/forest3",
                "trees/birch/forest4"
            ]
        },
        {
            "chance": 0.08,
            "density": 2,
            "rotation": {
                "yAxis": {
                    "min": 0,
                    "max": 0,
                    "interval": 90,
                    "enabled": true
                },
                "enabled": true
            },
            "place": [
                "trees/birch/antioch3b",
                "trees/birch/antioch4b",
                "trees/birch/antioch5b",
                "trees/birch/antioch6b"
            ],
            "addFeatures": [{
                "rarity": 1,
                "zone": {
                    "blockRadius": 8,
                    "entitySpawners": ["hives"]
                }
            }]
        },
        {
            "chance": 0.008,
            "mode": "PAINT",
            "place": [
                "clutter/pumpkins1",
                "clutter/pumpkins2",
                "clutter/pumpkins3",
                "clutter/pumpkins4",
                "clutter/pumpkins5",
                "clutter/pumpkins6"
            ],
            "rotation": {
                "enabled": true,
                "yAxis": {
                    "enabled": true,
                    "max": 360,
                    "min": 0,
                    "interval": 90
                }
            },
            "translate": {"y": 1}
        }
    ],
    "decorators": [
        {
            "chance": 0.03,
            "variance": {"style": "STATIC"},
            "zoom": 0.1,
            "palette": [
                {"block": "minecraft:allium"},
                {"block": "minecraft:poppy"},
                {"block": "minecraft:dandelion"},
                {"block": "minecraft:azure_bluet"},
                {"block": "minecraft:pink_tulip"},
                {"block": "minecraft:cornflower"},
                {"block": "minecraft:lily_of_the_valley"}
            ],
            "style": {"style": "STATIC"}
        },
        {
            "chance": 0.4,
            "variance": {"style": "STATIC"},
            "zoom": 0.3,
            "palette": [{"block": "minecraft:grass"}],
            "style": {"style": "STATIC"}
        },
        {
            "chance": 0.017,
            "variance": {"style": "STATIC"},
            "zoom": 0.3,
            "palette": [{"block": "minecraft:tall_grass"}],
            "style": {"style": "STATIC"}
        }
    ],
    "childStyle": {
        "style": "NOWHERE_SIMPLEX",
        "zoom": 5
    }
}
