{
    "name": "Meadows",
    "color": "#5CC62E",
    "rarity": 6,
    "derivative": "FOREST",
    "vanillaDerivative": "FOREST",
    "customDerivitives": [{
        "category": "plains",
        "humidity": 0.8,
        "temperature": 0.5,
        "id": "meadow",
        "downfallType": "rain",
        "grassColor": "#83BB6D"
    }],
    "generators": [{
        "min": 62,
        "max": 80,
        "generator": "highplains"
    }],
    "biomeStyle": {"style": "SIMPLEX"},
    "wall": {"palette": [
        {"block": "minecraft:stone"},
        {"block": "minecraft:andesite"}
    ]},
    "layers": [
        {"palette": [{"block": "minecraft:grass_block"}]},
        {
            "minHeight": 2,
            "maxHeight": 2,
            "palette": [{"block": "minecraft:dirt"}]
        },
        {
            "minHeight": 1,
            "maxHeight": 3,
            "palette": [
                {"block": "minecraft:dirt"},
                {"block": "minecraft:coarse_dirt"}
            ]
        },
        {
            "minHeight": 6,
            "maxHeight": 18,
            "style": {"style": "STATIC"},
            "palette": [
                {"block": "minecraft:dirt"},
                {"block": "minecraft:stone"}
            ]
        }
    ],
    "jigsawStructures": [
        {
            "rarity": 2200,
            "structure": "pillager-outpost"
        },
        {
            "rarity": 1900,
            "structure": "village-plains"
        }
    ],
    "objects": [
        {
            "mode": "PAINT",
            "chance": 0.009,
            "rotation": {
                "yAxis": {
                    "min": 0,
                    "max": 360,
                    "interval": 90,
                    "enabled": true
                },
                "enabled": true
            },
            "place": [
                "clutter/camp1",
                "clutter/camp3",
                "clutter/camp4",
                "clutter/camp5",
                "clutter/camp2"
            ]
        },
        {
            "mode": "MIN_HEIGHT",
            "chance": 0.03,
            "rotation": {
                "yAxis": {
                    "min": 0,
                    "max": 360,
                    "interval": 90,
                    "enabled": true
                },
                "enabled": true
            },
            "place": [
                "custom/pond1",
                "custom/pond2",
                "custom/pond3",
                "custom/pond4"
            ],
            "translate":{
                "y": -2
            }
        },
        {
            "chance": 0.05,
            "rotation": {
                "yAxis": {
                    "min": 0,
                    "max": 360,
                    "interval": 90,
                    "enabled": true
                },
                "enabled": true
            },
            "place": [
                "trees/oak/hoakgeneric3",
                "trees/oak/hoakgeneric4",
                "trees/oak/hoakgeneric5",
                "trees/oak/hoakgeneric6",
                "trees/oak/hoakgeneric7",
                "trees/oak/hoakgeneric8",
                "trees/oak/hoakgeneric9",
                "trees/oak/hoakgeneric1",
                "trees/oak/shoakgeneric3",
                "trees/oak/shoakgeneric4",
                "trees/oak/shoakgeneric5",
                "trees/oak/shoakgeneric6",
                "trees/oak/shoakgeneric7",
                "trees/oak/shoakgeneric8",
                "trees/oak/shoakgeneric9",
                "trees/oak/shoakgeneric1",
                "trees/oak/shoakgeneric2",
                "trees/oak/generic1",
                "trees/oak/generic2",
                "trees/oak/generic3",
                "trees/oak/generic4",
                "trees/oak/generic5",
                "trees/oak/generic6"
            ]
        },
        {
            "chance": 0.0001,
            "mode": "PAINT",
            "rotation": {
                "yAxis": {
                    "min": 0,
                    "max": 360,
                    "interval": 90,
                    "enabled": true
                },
                "enabled": true
            },
            "place": ["structures/ruin1"]
        },
        {
            "mode": "MIN_HEIGHT",
            "chance": 0.004,
            "rotation": {
                "yAxis": {
                    "min": 0,
                    "max": 360,
                    "interval": 90,
                    "enabled": true
                },
                "enabled": true
            },
            "place": [
                "clutter/obelisk1",
                "clutter/obelisk2",
                "clutter/obelisk3",
                "clutter/obelisk4",
                "clutter/obelisk5",
                "clutter/obelisk6",
                "clutter/obelisk7",
                "clutter/genericpeak1",
                "clutter/genericpeak2",
                "clutter/genericpeak3",
                "clutter/genericpeak5",
                "clutter/genericpeak6",
                "structures/landstone1",
                "structures/landstone2",
                "structures/landstone3",
                "structures/landstone4",
                "structures/landstone5",
                "clutter/statue-villager-plains"
            ]
        }
    ],
    "decorators": [
        {
            "chance": 0.04,
            "variance": {
                "style": "TRIOCTAVE_SIMPLEX",
                "zoom": 6,
                "fracture": {
                    "style": "STATIC",
                    "zoom": 0.2,
                    "multiplier": 10
                }
            },
            "style": {"style": "STATIC"},
            "palette": [
                {"block": "minecraft:cornflower"},
                {"block": "minecraft:allium"},
                {"block": "minecraft:cornflower"}
            ]
        },
        {
            "chance": 0.02,
            "variance": {
                "style": "TRIOCTAVE_SIMPLEX",
                "zoom": 6,
                "fracture": {
                    "style": "STATIC",
                    "zoom": 0.2,
                    "multiplier": 10
                }
            },
            "style": {"style": "STATIC"},
            "palette": [
                {"block": "minecraft:poppy"},
                {"block": "minecraft:pink_tulip"},
                {"block": "minecraft:lily_of_the_valley"}
            ]
        },
        {
            "chance": 0.005,
            "palette": [{"block": "minecraft:tall_grass"}]
        },
        {
            "chance": 0.1,
            "palette": [{"block": "minecraft:grass"}]
        }
    ]
}
