{
    "name": "Pumpkin Plains",
    "rarity": 8,
    "color": "#F7F448",
    "derivative": "PLAINS",
    "vanillaDerivative": "PLAINS",
    "childStyle": {
        "style": "IRIS",
        "zoom": 2,
        "exponent": 2
    },
    "customDerivitives": [{
        "id": "pumpkinplains",
        "category": "plains",
        "humidity": 0.45,
        "temperature": 0.875,
        "grassColor": "#b9bf4e"
    }],
    "generators": [{
        "min": 10,
        "max": 20,
        "generator": "plain"
    }],
	"entitySpawners": [
        "temperate/farmland/mythic"
    ],
    "layers": [
        {"palette": [
            {"block": "minecraft:coarse_dirt"},
            {"block": "minecraft:podzol"},
            {"block": "minecraft:podzol"}
            ]
        },
        {
            "minHeight": 2,
            "maxHeight": 2,
            "palette": [{"block": "minecraft:dirt"}]
        },
        {
            "minHeight": 1,
            "maxHeight": 3,
            "palette": [
                {"block": "minecraft:dirt"},
                {"block": "minecraft:coarse_dirt"}
            ]
        },
        {
            "minHeight": 6,
            "maxHeight": 18,
            "style": {"style": "STATIC"},
            "palette": [
                {"block": "minecraft:dirt"},
                {"block": "minecraft:stone"}
            ]
        }
    ],
    "decorators": [
        {
            "chance": 0.4,
            "style": {
                "style": "IRIS",
                "zoom": 0.4
            },
            "palette": [
                {
                    "block": "minecraft:grass",
                    "weight": 4
                },
                {
                    "block": "minecraft:tall_grass",
                    "weight": 1
                }
            ],
            "forcePlace": false
        },
        {
            "chance": 0.05,
            "style": {
                "style": "STATIC",
                "zoom": 0.4
            },
            "palette": [
                {
                    "block": "minecraft:pumpkin",
                    "weight": 30
                },
                {
                    "block": "minecraft:oak_leaves",
                    "weight": 25
                },
                {
                    "block": "minecraft:jack_o_lantern",
                    "weight": 2
                }
            ],
            "forcePlace": false
        }
    ],
    "objects": [
        {
            "mode": "MIN_HEIGHT",
            "chance": 0.65,
            "rotation": {
                "yAxis": {
                    "min": 0,
                    "max": 0,
                    "interval": 90,
                    "enabled": true
                },
                "enabled": true

            },
            "place": [
                "structures/pumpkin1",
                "structures/pumpkin2",
                "structures/pumpkin_carved"
            ],
            "translate": {
                "x": 0,
                "y": 1,
                "z": 0
            }
        },
        {
            "mode": "MIN_HEIGHT",
            "chance": 0.4,
            "rotation": {
                "yAxis": {
                    "min": 0,
                    "max": 0,
                    "interval": 90,
                    "enabled": true
                },
                "enabled": true
            },
            "place": [
                "structures/pumpkin_medium",
                "structures/pumpkin_large"
            ]
        },
        {
            "mode": "MIN_HEIGHT",
            "chance": 0.1,
            "rotation": {
                "yAxis": {
                    "min": 0,
                    "max": 0,
                    "interval": 90,
                    "enabled": true
                },
                "enabled": true
            },
            "place": [
                "structures/pumpkin_giant"
            ]
        },
        {
            "chance": 0.01,
            "rotation": {
                "yAxis": {
                    "min": 0,
                    "max": 0,
                    "interval": 90,
                    "enabled": true
                },
                "enabled": true
            },
            "place": [
                "trees/oak/hoakgeneric3",
                "trees/oak/hoakgeneric4",
                "trees/oak/hoakgeneric5",
                "trees/oak/hoakgeneric6",
                "trees/oak/hoakgeneric7",
                "trees/oak/hoakgeneric8",
                "trees/oak/hoakgeneric9",
                "trees/oak/hoakgeneric1",
                "trees/oak/shoakgeneric3",
                "trees/oak/shoakgeneric4",
                "trees/oak/shoakgeneric5",
                "trees/oak/shoakgeneric6",
                "trees/oak/shoakgeneric7",
                "trees/oak/shoakgeneric8",
                "trees/oak/shoakgeneric9",
                "trees/oak/shoakgeneric1",
                "trees/oak/shoakgeneric2"
            ]
        },
        {
            "chance": 2.0E-7,
            "mode": "MIN_HEIGHT",
            "rotation": {
                "yAxis": {
                    "min": 0,
                    "max": 0,
                    "interval": 90,
                    "enabled": true
                },
                "enabled": true
            },
            "place": [
                "void/void",
                "void/void",
                "void/void",
                "trees/mixed/smoakog80"
            ],
            "translate": {
                "x": 0,
                "y": -5,
                "z": 0
            }
        },
        {
            "place": [
                "trees/oak/generic1",
                "trees/oak/generic2",
                "trees/oak/generic3",
                "trees/oak/generic4",
                "trees/oak/generic5",
                "trees/oak/generic6"
            ],
            "chance": 0.07,
            "rotation": {
                "enabled": true,
                "yAxis": {
                    "enabled": true,
                    "interval": 90,
                    "min": -360,
                    "max": 360
                }
            }
        },
        {
            "place": [
                "structures/landstone2",
                "structures/landstone3",
                "structures/landstone4",
                "structures/landstone5"
            ],
            "chance": 0.02,
            "mode": "MIN_HEIGHT",
            "rotation": {
                "enabled": true,
                "yAxis": {
                    "enabled": true,
                    "interval": 90,
                    "min": -360,
                    "max": 360
                }
            }
        }
    ],
    "wall": {"palette": [
        {"block": "minecraft:stone"},
        {"block": "minecraft:andesite"}
    ]}
}
