{
    "fill": {"block": "minecraft:cave_air"},
    "verticalRange": {
        "max": 400,
        "min": 0
    },
    "customBiome": "carving/vertus-crystal",
    "worm": {
        "girth": {
            "max": 5,
            "min": 3,
            "style": {"style": "NOWHERE"}
        },
        "maxDistance": 11,
        "yStyle": {
            "min": 0,
            "max": 0,
            "generator": {
                "zoom": 3,
                "style": "NOWHERE"
            }
        },
        "xStyle": {
            "min": -7,
            "max": 7,
            "generator": {
                "zoom": 0.6,
                "style": "FLAT"
            }
        },
        "zStyle": {
            "min": -7,
            "max": 7,
            "generator": {
                "zoom": 0.6,
                "style": "FLAT"
            }
        }
    }
}
