{
    "name": "Hot Ocean Cliffs",
    "color": "#184960",
    "derivative": "OCEAN",
    "vanillaDerivative": "OCEAN",
    "generators": [{
        "min": -42,
        "max": -10,
        "generator": "mountain"
    }],
    "wall": {
        "style": {"style": "NOWHERE"},
        "palette": [
            {"block": "minecraft:clay"},
            {"block": "minecraft:smooth_sandstone"},
            {"block": "minecraft:red_sand"},
            {"block": "minecraft:smooth_red_sandstone"},
            {"block": "minecraft:smooth_sandstone"},
            {"block": "minecraft:sand"},
            {"block": "minecraft:smooth_red_sandstone"}
        ]
    },
    "layers": [
        {
            "minHeight": 2,
            "maxHeight": 3,
            "style": {"style": "VASCULAR"},
            "zoom": 0.5,
            "palette": [
                {"block": "minecraft:sand"},
                {"block": "minecraft:clay"},
                {"block": "minecraft:sand"},
                {"block": "minecraft:gravel"},
                {"block": "minecraft:sand"},
                {"block": "minecraft:dirt"},
                {"block": "minecraft:sand"},
                {"block": "minecraft:clay"},
                {"block": "minecraft:sand"},
                {"block": "minecraft:gravel"},
                {"block": "minecraft:sand"},
                {"block": "minecraft:dirt"},
                {
                    "weight": 2,
                    "block": "minecraft:sand"
                }
            ]
        },
        {"palette": [{"block": "minecraft:dirt"}]},
        {
            "minHeight": 1,
            "maxHeight": 3,
            "palette": [
                {
                    "weight": 2,
                    "block": "minecraft:dirt"
                },
                {"block": "minecraft:coarse_dirt"}
            ]
        }
    ],
    "objects": [
        {
            "chance": 0.01,
            "rotation": {
                "yAxis": {
                    "min": 0,
                    "max": 0,
                    "interval": 90,
                    "enabled": true
                },
                "enabled": true
            },
            "underwater": true,
            "place": [
                "structures/swreck1",
                "structures/usdship1",
                "structures/usdship2"
            ],
            "edit": [{
                "find": [{"block": "minecraft:oak_stairs"}],
                "replace": {"palette": [{"block": "minecraft:oak_planks"}]}
            }],
            "translate": {
                "x": 0,
                "y": -4,
                "z": 0
            }
        },
        {
            "chance": 0.0035,
            "rotation": {
                "yAxis": {
                    "min": 0,
                    "max": 0,
                    "interval": 90,
                    "enabled": true
                },
                "enabled": true
            },
            "underwater": true,
            "place": [
                "structures/oruins1",
                "structures/oruins2",
                "structures/oruins3"
            ],
            "mode": "PAINT",
            "loot": [{"name": "structures/ocean-ruins"}],
            "overrideGlobalLoot": true
        }
    ],
    "decorators": [
        {
            "chance": 9.0E-4,
            "variance": {"style": "STATIC"},
            "zoom": 1,
            "palette": [
                {"block": "minecraft:soul_sand"},
                {
                    "weight": 2,
                    "block": "minecraft:magma_block"
                }
            ],
            "style": {"style": "STATIC"}
        },
        {
            "chance": 0.001,
            "variance": {"style": "STATIC"},
            "zoom": 5,
            "palette": [{"block": "minecraft:seagrass"}],
            "style": {"style": "STATIC"}
        },
        {
            "chance": 0.015,
            "verticalZoom": 20,
            "variance": {"style": "STATIC"},
            "stackMax": 9,
            "zoom": 1,
            "palette": [{"block": "minecraft:kelp_plant"}],
            "style": {"style": "STATIC"},
            "heightVariance": {"style": "STATIC"},
            "stackMin": 1
        },
        {
            "chance": 0.01,
            "variance": {"style": "STATIC"},
            "zoom": 0.25,
            "palette": [
                {"block": "minecraft:fire_coral"},
                {"block": "minecraft:dead_fire_coral"},
                {"block": "minecraft:fire_coral_fan"}
            ],
            "style": {"style": "STATIC"}
        },
        {
            "chance": 0.001,
            "variance": {"style": "STATIC"},
            "zoom": 1,
            "palette": [{
                "data": {
                    "waterlogged": true,
                    "pickles": 1
                },
                "block": "minecraft:sea_pickle"
            }],
            "style": {"style": "STATIC"}
        }
    ],
    "slab": {
        "style": {"style": "STATIC"},
        "palette": [
            {
                "data": {
                    "waterlogged": false,
                    "type": "bottom"
                },
                "block": "minecraft:sandstone_slab"
            },
            {
                "data": {
                    "waterlogged": false,
                    "type": "bottom"
                },
                "block": "minecraft:smooth_sandstone_slab"
            },
            {
                "weight": 2,
                "block": "minecraft:air"
            }
        ]
    }
}
