{
    "name": "Hot river",
    "color": "#081820",
    "derivative": "DESERT",
    "vanillaDerivative": "DESERT",
    "rarity": 1,
    "generators": [{
        "min": -32,
        "max": -10,
        "generator": "mountain"
    }],
    "layers": [
        {
            "minHeight": 2,
            "maxHeight": 3,
            "style": {"style": "VASCULAR"},
            "zoom": 0.4,
            "palette": [
                {"block": "minecraft:sand"},
                {"block": "minecraft:clay"},
                {"block": "minecraft:sand"},
                {"block": "minecraft:gravel"},
                {"block": "minecraft:sand"},
                {
                    "weight": 2,
                    "block": "minecraft:sand"
                }
            ]
        },
        {
            "minHeight": 2,
            "maxHeight": 3,
            "style": {"style": "STATIC"},
            "palette": [
                {"block": "minecraft:sand"},
                {"block": "minecraft:brown_terracotta"},
                {
                    "weight": 2,
                    "block": "minecraft:sand"
                }
            ]
        }
    ]
}
