{
    "fill": {"block": "minecraft:cave_air"},
    "verticalRange": {
        "max": 400,
        "min": 15
    },
    "customBiome": "carving/jungle",
    "fork": {
        "caves": [
            {
                "breakSurface": false,
                "cave": "amethyst/small",
                "rarity": 336
            },
            {
                "breakSurface": true,
                "cave": "jungle/small",
                "rarity": 7
            }
        ],
        "elipsoids": [{
            "customBiome": "carving/amethyst",
            "fill": {"block": "minecraft:cave_air"},
            "rarity": 90,
            "baseWidth": {
                "min": 5,
                "max": 27,
                "style": {"style": "STATIC"}
            }
        }]
    },
    "worm": {
        "girth": {
            "max": 9,
            "min": 3,
            "style": {"style": "NOWHERE"}
        },
        "maxDistance": 100,
        "yStyle": {
            "min": -3,
            "max": 1,
            "generator": {
                "zoom": 3,
                "style": "NOWHERE"
            }
        },
        "xStyle": {
            "min": -9,
            "max": 9,
            "generator": {
                "zoom": 0.6,
                "style": "NOWHERE"
            }
        },
        "zStyle": {
            "min": -9,
            "max": 9,
            "generator": {
                "zoom": 0.6,
                "style": "NOWHERE"
            }
        }
    }
}
