{
    "name": "Ocean Deep",
    "color": "#5C4DEA",
    "derivative": "DEEP_OCEAN",
    "vanillaDerivative": "DEEP_OCEAN",
    "generators": [{
        "generator": "smooth-dunes",
        "max": -40,
        "min": -80
    }],
    "layers": [
        {
            "minHeight": 2,
            "maxHeight": 2,
            "slopeCondition": {
                "minimumSlope": 0,
                "maximumSlope": 3
            },
            "style": {"style": "NOWHERE"},
            "zoom": 0.6,
            "palette": [
                {"block": "minecraft:sand"},
                {"block": "minecraft:clay"},
                {"block": "minecraft:sand"},
                {"block": "minecraft:gravel"},
                {"block": "minecraft:sand"},
                {"block": "minecraft:dirt"},
                {
                    "weight": 2,
                    "block": "minecraft:sand"
                }
            ]
        },
        {
            "minHeight": 2,
            "maxHeight": 10,
            "palette": [{"block": "minecraft:gravel"}]
        }
    ],
    "objects": [
        {
            "underwater": true,
            "waterloggable": true,
            "chance": 0.008,
            "mode": "PAINT",
            "rotation": {
                "enabled": true,
                "yAxis": {
                    "enabled": true,
                    "interval": 90,
                    "min": 0,
                    "max": 360
                }
            },
            "place": [
                "structures/gall1",
                "structures/gall2",
                "structures/gall3"
            ]
        },
        {
            "place": [
                "structures/shipgenericw",
                "structures/shipgenericc",
                "structures/shipgenericr",
                "structures/shipgenericu",
                "structures/shipgenericc",
                "structures/BShip1",
                "structures/BShip2",
                "structures/BShip3",
                "structures/BShip4",
                "structures/BShip5",
                "structures/BShip6",
                "structures/kship1",
                "structures/kship2",
                "structures/kship3",
                "structures/kship4"
            ],
            "chance": 0.001,
            "markers": [{
                "mark": [{"block": "minecraft:spruce_planks"}],
                "maximumMarkers": 4,
                "marker": "skelepirate"
            }],
            "onwater": true,
            "translate": {"y": -1},
            "waterloggable": true
        },
        {
            "underwater": true,
            "waterloggable": true,
            "chance": 0.01,
            "mode": "PAINT",
            "rotation": {
                "enabled": true,
                "yAxis": {
                    "enabled": true,
                    "interval": 90,
                    "min": -360,
                    "max": 360
                }
            },
            "place": [
                "structures/shipwithmast",
                "structures/shipwithmastdegraded",
                "structures/shiprightsideupfull",
                "structures/shiprightsideupfulldegraded",
                "structures/shiprightsideupfronthalf",
                "structures/shiprightsideupfronthalfdegraded",
                "structures/shiprightsideupbackhalf",
                "structures/shiprightsideupbackhalfdegraded",
                "structures/shipsidewaysfull",
                "structures/shipsidewaysfulldegraded",
                "structures/shipsidewaysfronthalf",
                "structures/shipsidewaysfronthalfdegraded",
                "structures/shipsidewaysbackhalf",
                "structures/shipsidewaysbackhalfdegraded",
                "structures/shipupsidedownfull",
                "structures/shipupsidedownfulldegraded",
                "structures/shipupsidedownfronthalf",
                "structures/shipupsidedownfronthalfdegraded",
                "structures/shipupsidedownbackhalf",
                "structures/shipupsidedownbackhalfdegraded"
            ]
        },
        {
            "chance": 0.0035,
            "rotation": {
                "yAxis": {
                    "min": 0,
                    "max": 0,
                    "interval": 90,
                    "enabled": true
                },
                "enabled": true
            },
            "underwater": true,
            "place": [
                "structures/oruins1",
                "structures/oruins2",
                "structures/oruins3"
            ],
            "mode": "PAINT",
            "loot": [{"name": "structures/ocean-ruins"}],
            "overrideGlobalLoot": true
        }
    ],
    "decorators": [
        {
            "chance": 0.09,
            "palette": [{"block": "minecraft:kelp_plant"}],
            "stackMin": 2,
            "stackMax": 12,
            "partOf": "SEA_FLOOR"
        },
        {
            "chance": 0.2,
            "palette": [{"block": "minecraft:seagrass"}]
        },
        {
            "chance": 0.2,
            "palette": [{
                "block": "minecraft:tall_seagrass",
                "data": {"half": "lower"}
            }],
            "topPalette": [{
                "block": "minecraft:tall_seagrass",
                "data": {"half": "upper"}
            }],
            "partOf": "SEA_FLOOR"
        }
    ]
}
