{
    "name": "Hot Beach Grass",
    "color": "#F0E880",
    "rarity": 1,
    "derivative": "FOREST",
    "vanillaDerivative": "DESERT",
    "generators": [{
        "min": 0,
        "max": 1,
        "generator": "plain"
    }],
    "wall": {
        "style": {"style": "STATIC"},
        "palette": [
            {"block": "minecraft:smooth_sandstone"},
            {"block": "minecraft:sand"},
            {"block": "minecraft:smooth_sandstone"}
        ]
    },
    "layers": [
        {
            "minHeight": 1,
            "maxHeight": 6,
            "palette": [{"block": "minecraft:grass_block"}]
        },
        {
            "minHeight": 1,
            "maxHeight": 3,
            "palette": [{"block": "minecraft:dirt"}]
        }
    ],
    "features": [{
        "zone": {
            "interpolationRadius": 3,
            "interpolator": "BILINEAR_STARCAST_6"
        }
    }],
    "objects": [{
        "density": 3,
        "mode": "MIN_STILT",
        "chance": 1,
        "place": [
            "trees/jungle/palm1",
            "trees/jungle/palm2",
            "trees/jungle/palm3",
            "trees/jungle/palm4",
            "trees/jungle/palm6",
            "trees/jungle/palm7"
        ]
    }],
    "decorators": [
        {
            "chance": 0.01,
            "variance": {"style": "STATIC"},
            "zoom": 0.3,
            "palette": [
                {
                    "data": {
                        "face": "floor",
                        "powered": false,
                        "facing": "east"
                    },
                    "block": "minecraft:jungle_button"
                },
                {"block": "minecraft:air"},
                {
                    "data": {
                        "face": "floor",
                        "powered": false,
                        "facing": "south"
                    },
                    "block": "minecraft:jungle_button"
                }
            ],
            "style": {"style": "STATIC"}
        },
        {
            "partOf": "SHORE_LINE",
            "chance": 0.09,
            "stackMin": 1,
            "stackMax": 4,
            "palette": [{"block": "minecraft:sugar_cane"}],
            "style": {
                "style": "NOWHERE",
                "zoom": 0.65
            },
            "heightVariance": {"style": "STATIC"}
        },
        {
            "chance": 0.01,
            "palette": [{"block": "minecraft:tall_grass"}]
        },
        {
            "chance": 0.5,
            "palette": [{"block": "minecraft:grass"}]
        }
    ]
}
