{
    "name": "Mesa Blue",
    "color": "#FE976A",
    "rarity": 1,
    "derivative": "WINDSWEPT_SAVANNA",
    "vanillaDerivative": "BADLANDS",
    "generators": [
        {
            "min": 50,
            "max": 70,
            "generator": "highplains"
        },
        {
            "min": 70,
            "max": 110,
            "generator": "mountain"
        }
    ],
    "wall": {
        "style": {"style": "NOWHERE"},
        "palette": [
            {"block": "minecraft:magenta_terracotta"},
            {"block": "minecraft:light_blue_terracotta"},
            {"block": "minecraft:blue_terracotta"},
            {"block": "minecraft:cyan_terracotta"}
        ]
    },
    "features": [{
        "zone": {
            "interpolationRadius": 3,
            "interpolator": "BILINEAR_STARCAST_6"
        }
    }],
    "layers": [
        {
            "minHeight": 2,
            "maxHeight": 3,
            "style": {"style": "STATIC"},
            "palette": [{"block": "minecraft:cyan_terracotta"}]
        },
        {
            "minHeight": 2,
            "maxHeight": 3,
            "style": {"style": "STATIC"},
            "palette": [{"block": "minecraft:blue_terracotta"}]
        },
        {
            "minHeight": 2,
            "maxHeight": 3,
            "style": {"style": "STATIC"},
            "palette": [{"block": "minecraft:light_blue_terracotta"}]
        },
        {
            "minHeight": 2,
            "maxHeight": 3,
            "style": {"style": "STATIC"},
            "palette": [{"block": "minecraft:magenta_terracotta"}]
        }
    ],
    "decorators": [
        {
            "chance": 0.009,
            "variance": {"style": "STATIC"},
            "zoom": 0.3,
            "palette": [
                {
                    "data": {
                        "face": "floor",
                        "powered": false,
                        "facing": "east"
                    },
                    "block": "minecraft:stone_button"
                },
                {
                    "data": {
                        "face": "floor",
                        "powered": false,
                        "facing": "south"
                    },
                    "block": "minecraft:stone_button"
                }
            ],
            "style": {"style": "STATIC"}
        },
        {
            "chance": 0.01,
            "variance": {"style": "STATIC"},
            "zoom": 0.3,
            "palette": [{"block": "minecraft:dead_bush"}],
            "style": {"style": "STATIC"}
        }
    ],
    "lockLayers": true
}
