{
    "name": "Mesa Cliffs",
    "color": "#EE8658",
    "rarity": 1,
    "derivative": "WINDSWEPT_SAVANNA",
    "vanillaDerivative": "ERODED_BADLANDS",
    "generators": [
        {
            "min": 9,
            "max": 30,
            "generator": "mountain"
        },
        {
            "min": 41,
            "max": 110,
            "generator": "mesa-cliffs"
        }
    ],
    "wall": {
        "style": {"style": "NOWHERE"},
        "zoom": 0.25,
        "palette": [
            {"block": "minecraft:brown_terracotta"},
            {"block": "minecraft:gray_terracotta"},
            {"block": "minecraft:black_terracotta"}
        ]
    },
    "features": [{
        "zone": {
            "interpolationRadius": 3,
            "interpolator": "BILINEAR_STARCAST_6"
        }
    }],
    "layers": [
        {
            "minHeight": 4,
            "maxHeight": 2,
            "style": {"style": "STATIC"},
            "palette": [{"block": "minecraft:terracotta"}]
        },
        {
            "minHeight": 2,
            "maxHeight": 3,
            "style": {"style": "STATIC"},
            "palette": [{"block": "minecraft:brown_terracotta"}]
        },
        {
            "minHeight": 2,
            "maxHeight": 3,
            "style": {"style": "STATIC"},
            "palette": [{"block": "minecraft:gray_terracotta"}]
        },
        {
            "minHeight": 2,
            "maxHeight": 3,
            "style": {"style": "STATIC"},
            "palette": [{"block": "minecraft:black_terracotta"}]
        },
        {
            "minHeight": 2,
            "maxHeight": 3,
            "style": {"style": "STATIC"},
            "palette": [{"block": "minecraft:gray_terracotta"}]
        },
        {
            "minHeight": 2,
            "maxHeight": 3,
            "style": {"style": "STATIC"},
            "palette": [{"block": "minecraft:brown_terracotta"}]
        }
    ],
    "decorators": [
        {
            "chance": 0.009,
            "variance": {"style": "STATIC"},
            "zoom": 0.3,
            "palette": [
                {
                    "data": {
                        "face": "floor",
                        "powered": false,
                        "facing": "east"
                    },
                    "block": "minecraft:stone_button"
                },
                {
                    "data": {
                        "face": "floor",
                        "powered": false,
                        "facing": "south"
                    },
                    "block": "minecraft:stone_button"
                }
            ],
            "style": {"style": "STATIC"}
        },
        {
            "chance": 0.01,
            "variance": {"style": "STATIC"},
            "zoom": 0.3,
            "palette": [{"block": "minecraft:dead_bush"}],
            "style": {"style": "STATIC"}
        }
    ],
    "lockLayers": true
}
