{
    "name": "Mesa Plateau Dirt high",
    "color": "#C65726",
    "rarity": 1,
    "derivative": "BADLANDS",
    "vanillaDerivative": "BADLANDS",
    "biomeScatter": ["BADLANDS"],
    "generators": [
        {
            "min": 70,
            "max": 110,
            "generator": "canyon-steep"
        },
        {
            "min": 2,
            "max": 3,
            "generator": "smooth-dunes"
        },
        {
            "min": 2,
            "max": 6,
            "generator": "cracked-cliffs"
        }
    ],
    "features": [{
        "zone": {
            "interpolationRadius": 3,
            "interpolator": "BILINEAR_STARCAST_6"
        }
    }],
    "biomeStyle": {"style": "SIMPLEX"},
    "layers": [
        {
            "minHeight": 5,
            "maxHeight": 5,
            "style": {"style": "NOWHERE"},
            "zoom": 0.7,
            "palette": [
                {"block": "minecraft:grass_block"},
                {"block": "minecraft:coarse_dirt"},
                {"block": "minecraft:dirt"},
                {"block": "minecraft:grass_block"}
            ]
        },
        {
            "minHeight": 4,
            "maxHeight": 4,
            "palette": [{"block": "minecraft:terracotta"}]
        },
        {
            "minHeight": 4,
            "maxHeight": 4,
            "palette": [{"block": "minecraft:orange_terracotta"}]
        },
        {
            "minHeight": 4,
            "maxHeight": 4,
            "palette": [{"block": "minecraft:white_terracotta"}]
        },
        {
            "minHeight": 4,
            "maxHeight": 4,
            "palette": [{"block": "minecraft:terracotta"}]
        },
        {
            "minHeight": 4,
            "maxHeight": 4,
            "palette": [{"block": "minecraft:yellow_terracotta"}]
        },
        {
            "minHeight": 4,
            "maxHeight": 4,
            "palette": [{"block": "minecraft:brown_terracotta"}]
        }
    ],
    "objects": [
        {
            "place": [
                "structures/tower",
                "structures/tower-twin"
            ],
            "chance": 5.0E-4,
            "density": 2,
            "mode": "FAST_STILT",
            "rotation": {
                "enabled": true,
                "yAxis": {
                    "enabled": true,
                    "interval": 90,
                    "min": -360,
                    "max": 360
                }
            }
        },
        {
            "mode": "MIN_HEIGHT",
            "place": [
                "trees/acacia/vexed1",
                "trees/acacia/vexed2",
                "trees/acacia/vexed3"
            ],
            "chance": 0.2,
            "edit": [{
                "find": [{"block": "minecraft:acacia_planks"}],
                "replace": {"palette": [{
                    "block": "minecraft:acacia_wood",
                    "data": {"axis": "y"}
                }]}
            }]
        }
    ],
    "decorators": [{
        "chance": 0.05,
        "palette": [{"block": "minecraft:tall_grass"}]
    }],
    "lockLayers": true
}
