{
    "name": "Mesa Valley",
    "color": "#8C3A16",
    "rarity": 1,
    "derivative": "SAVANNA",
    "vanillaDerivative": "BADLANDS",
    "generators": [{
        "min": 5,
        "max": 15,
        "generator": "smooth-dunes"
    }],
    "features": [{
        "zone": {
            "interpolationRadius": 3,
            "interpolator": "BILINEAR_STARCAST_6"
        }
    }],
    "layers": [
        {
            "minHeight": 1,
            "maxHeight": 1,
            "palette": [{"block": "minecraft:light_gray_terracotta"}]
        },
        {
            "minHeight": 1,
            "maxHeight": 1,
            "style": {"style": "STATIC"},
            "palette": [
                {
                    "weight": 1,
                    "block": "minecraft:terracotta"
                },
                {
                    "weight": 1,
                    "block": "minecraft:light_gray_terracotta"
                }
            ]
        },
        {
            "minHeight": 1,
            "maxHeight": 1,
            "palette": [{"block": "minecraft:terracotta"}]
        },
        {
            "minHeight": 2,
            "maxHeight": 2,
            "palette": [{"block": "minecraft:orange_terracotta"}]
        },
        {
            "minHeight": 1,
            "maxHeight": 1,
            "palette": [{"block": "minecraft:terracotta"}]
        },
        {
            "minHeight": 1,
            "maxHeight": 1,
            "style": {"style": "STATIC"},
            "palette": [
                {
                    "weight": 1,
                    "block": "minecraft:terracotta"
                },
                {
                    "weight": 1,
                    "block": "minecraft:light_gray_terracotta"
                }
            ]
        },
        {
            "minHeight": 1,
            "maxHeight": 1,
            "palette": [{"block": "minecraft:light_gray_terracotta"}]
        },
        {
            "minHeight": 1,
            "maxHeight": 1,
            "palette": [{"block": "minecraft:terracotta"}]
        }
    ],
    "objects": [
        {
            "mode": "MIN_HEIGHT",
            "place": [
                "trees/acacia/vexed1",
                "trees/acacia/vexed2",
                "trees/acacia/vexed3"
            ],
            "chance": 0.4,
            "edit": [{
                "find": [{"block": "minecraft:acacia_planks"}],
                "replace": {"palette": [{
                    "block": "minecraft:acacia_wood",
                    "data": {"axis": "y"}
                }]}
            }]
        },
        {
            "chance": 0.00175,
            "rotation": {
                "yAxis": {
                    "min": 0,
                    "max": 0,
                    "interval": 90,
                    "enabled": true
                },
                "enabled": true
            },
            "place": ["clutter/camp1"]
        },
        {
            "mode": "PAINT",
            "chance": 0.005,
            "rotation": {
                "yAxis": {
                    "min": 0,
                    "max": 0,
                    "interval": 90,
                    "enabled": true
                },
                "enabled": true
            },
            "place": ["clutter/bincluster1"]
        },
        {
            "mode": "MIN_HEIGHT",
            "chance": 0.07,
            "rotation": {
                "yAxis": {
                    "min": 0,
                    "max": 0,
                    "interval": 90,
                    "enabled": true
                },
                "enabled": true
            },
            "place": [
                "trees/acacia/savannaD1",
                "trees/acacia/savannaD2",
                "trees/acacia/savannaD3"
            ]
        },
        {
            "chance": 0.2,
            "rotation": {
                "yAxis": {
                    "min": 0,
                    "max": 0,
                    "interval": 90,
                    "enabled": true
                },
                "enabled": true
            },
            "place": [
                "trees/acacia/savannaF1",
                "trees/acacia/savannaF2",
                "trees/acacia/savannaF3",
                "trees/acacia/savannaF4",
                "trees/acacia/savannaF5",
                "trees/acacia/savannaF6",
                "trees/acacia/savannaF7",
                "trees/acacia/savannaF8",
                "trees/acacia/savannaF9",
                "trees/acacia/savannaF10",
                "trees/acacia/savannaF11",
                "trees/acacia/savannaF13",
                "trees/acacia/savannaF14"
            ],
            "translate": {
                "x": 0,
                "y": -1,
                "z": 0
            }
        },
        {
            "chance": 0.04,
            "rotation": {
                "yAxis": {
                    "min": 0,
                    "max": 0,
                    "interval": 90,
                    "enabled": true
                },
                "enabled": true
            },
            "place": [
                "trees/acacia/savannaS1",
                "trees/acacia/savannaS2",
                "trees/acacia/savannaS3",
                "trees/acacia/savannaS4",
                "trees/acacia/savannaS5",
                "trees/acacia/savannaS6",
                "trees/acacia/savannaS7",
                "trees/acacia/savannaS8",
                "trees/acacia/savannas9",
                "trees/acacia/savannas10",
                "trees/acacia/savannas11",
                "trees/acacia/savannas12"
            ]
        }
    ],
    "decorators": [
        {
            "chance": 0.189,
            "variance": {
                "style": "CELLULAR",
                "zoom": 0.3,
                "fracture": {
                    "style": "SIMPLEX",
                    "zoom": 0.2,
                    "multiplier": 10
                }
            },
            "style": {
                "style": "SIMPLEX",
                "zoom": 0.3,
                "fracture": {
                    "style": "STATIC",
                    "multiplier": 8
                }
            },
            "palette": [
                {"block": "minecraft:white_tulip"},
                {"block": "minecraft:red_tulip"},
                {"block": "minecraft:orange_tulip"},
                {"block": "minecraft:dandelion"},
                {"block": "minecraft:poppy"}
            ]
        },
        {
            "chance": 0.01,
            "palette": [{"block": "minecraft:tall_grass"}]
        },
        {
            "chance": 0.5,
            "palette": [{"block": "minecraft:grass"}]
        }
    ],
    "lockLayers": true
}
