{
    "name": "Mesa Yellow",
    "color": "#83300B",
    "rarity": 1,
    "derivative": "WINDSWEPT_SAVANNA",
    "vanillaDerivative": "BADLANDS",
    "children": ["mesa/dark"],
    "generators": [
        {
            "min": 50,
            "max": 70,
            "generator": "highplains"
        },
        {
            "min": 70,
            "max": 110,
            "generator": "mountain"
        }
    ],
    "features": [{
        "zone": {
            "interpolationRadius": 3,
            "interpolator": "BILINEAR_STARCAST_6"
        }
    }],
    "wall": {
        "style": {"style": "NOWHERE"},
        "palette": [
            {"block": "minecraft:red_terracotta"},
            {"block": "minecraft:gray_terracotta"},
            {"block": "minecraft:yellow_terracotta"}
        ]
    },
    "layers": [
        {
            "minHeight": 2,
            "maxHeight": 3,
            "style": {"style": "STATIC"},
            "palette": [{"block": "minecraft:terracotta"}]
        },
        {
            "minHeight": 2,
            "maxHeight": 3,
            "style": {"style": "STATIC"},
            "palette": [{"block": "minecraft:white_terracotta"}]
        },
        {
            "minHeight": 2,
            "maxHeight": 3,
            "style": {"style": "STATIC"},
            "palette": [{"block": "minecraft:terracotta"}]
        },
        {
            "minHeight": 2,
            "maxHeight": 3,
            "style": {"style": "STATIC"},
            "palette": [{"block": "minecraft:red_terracotta"}]
        },
        {
            "minHeight": 4,
            "maxHeight": 4,
            "style": {"style": "STATIC"},
            "palette": [{"block": "minecraft:terracotta"}]
        },
        {
            "minHeight": 2,
            "maxHeight": 3,
            "style": {"style": "STATIC"},
            "palette": [{"block": "minecraft:yellow_terracotta"}]
        },
        {
            "minHeight": 2,
            "maxHeight": 3,
            "style": {"style": "STATIC"},
            "palette": [{"block": "minecraft:terracotta"}]
        },
        {
            "minHeight": 2,
            "maxHeight": 3,
            "style": {"style": "STATIC"},
            "palette": [{"block": "minecraft:brown_terracotta"}]
        }
    ],
    "objects": [{
        "rotation": {
            "yAxis": {
                "min": 0,
                "max": 0,
                "interval": 90,
                "enabled": true
            },
            "enabled": true
        },
        "chance": 0.1,
        "translate": {"y": -2},
        "place": ["clutter/tntower1"]
    }],
    "decorators": [
        {
            "chance": 0.009,
            "variance": {"style": "STATIC"},
            "zoom": 0.3,
            "palette": [
                {
                    "data": {
                        "face": "floor",
                        "powered": false,
                        "facing": "east"
                    },
                    "block": "minecraft:stone_button"
                },
                {
                    "data": {
                        "face": "floor",
                        "powered": false,
                        "facing": "south"
                    },
                    "block": "minecraft:stone_button"
                }
            ],
            "style": {"style": "STATIC"}
        },
        {
            "chance": 0.01,
            "variance": {"style": "STATIC"},
            "zoom": 0.3,
            "palette": [{"block": "minecraft:dead_bush"}],
            "style": {"style": "STATIC"}
        }
    ],
    "lockLayers": true
}
