{
    "fill": {"block": "minecraft:cave_air"},
    "verticalRange": {
        "max": 80,
        "min": 5
    },
    "customBiome": "carving/volcanic",
    "worm": {
        "girth": {
            "max": 15,
            "min": 12,
            "style": {"style": "NOWHERE"}
        },
        "maxDistance": 250,
        "yStyle": {
            "min": -3,
            "max": 1,
            "generator": {
                "zoom": 3,
                "style": "NOWHERE"
            }
        },
        "xStyle": {
            "min": -20,
            "max": 20,
            "generator": {
                "zoom": 0.6,
                "style": "NOWHERE"
            }
        },
        "zStyle": {
            "min": -20,
            "max": 20,
            "generator": {
                "zoom": 0.6,
                "style": "NOWHERE"
            }
        }
    }
}
