{
    "fill": {"block": "minecraft:cave_air"},
    "verticalRange": {
        "max": 70,
        "min": 20
    },
    "customBiome": "carving/sculk",
    "worm": {
        "girth": {
            "max": 6,
            "min": 6,
            "style": {"style": "NOWHERE"}
        },
        "maxDistance": 200,
        "yStyle": {
            "min": -4,
            "max": 4,
            "generator": {
                "zoom": 3,
                "style": "NOWHERE"
            }
        },
        "xStyle": {
            "min": -20,
            "max": 20,
            "generator": {
                "zoom": 0.6,
                "style": "NOWHERE"
            }
        },
        "zStyle": {
            "min": -20,
            "max": 20,
            "generator": {
                "zoom": 0.6,
                "style": "NOWHERE"
            }
        }
    }
}
