{
    "fill": {"block": "minecraft:cave_air"},
    "verticalRange": {
        "max": 400,
        "min": 15
    },
    "customBiome": "carving/calcite",
    "fork": {"elipsoids": [{
        "fill": {"block": "minecraft:cave_air"},
        "rarity": 325,
        "baseWidth": {
            "min": 9,
            "max": 27,
            "style": {"style": "STATIC"}
        }
    }]},
    "worm": {
        "girth": {
            "max": 4,
            "min": 2,
            "style": {"style": "NOWHERE"}
        },
        "maxDistance": 70,
        "yStyle": {
            "min": -7,
            "max": 7,
            "generator": {
                "zoom": 1,
                "style": "NOWHERE"
            }
        },
        "xStyle": {
            "min": -7,
            "max": 7,
            "generator": {
                "zoom": 1,
                "style": "NOWHERE"
            }
        },
        "zStyle": {
            "min": -7,
            "max": 7,
            "generator": {
                "zoom": 1,
                "style": "NOWHERE"
            }
        }
    }
}
